id,data_inversa,dia_semana,horario,uf,br,km,municipio,causa_acidente,tipo_acidente,classificacao_acidente,fase_dia,sentido_via,condicao_metereologica,tipo_pista,tracado_via,uso_solo,ano,pessoas,mortos,feridos_leves,feridos_graves,ilesos,ignorados,feridos,veiculos
342779,16/02/2008,Sábado,17:10:00,RN,405,11.4,MOSSORO,Falta de atenção,Colisão traseira,Com Vítimas Feridas,Pleno dia,Decrescente,Ceu Claro,Simples,Reta,Rural,2008,3,0,2,0,1,0,2,2
342788,16/02/2008,Sábado,19:45:00,RN,304,36.6,MOSSORO,Ingestão de álcool,Colisão lateral,Com Vítimas Feridas,Plena noite,Crescente,Ceu Claro,Simples,Reta,Urbano,2008,3,0,2,0,1,0,2,2
342789,16/02/2008,Sábado,12:50:00,RN,304,120,MOSSORO,Defeito mecânico em veículo,Colisão Transversal,Sem Vítimas,Pleno dia,Decrescente,Ceu Claro,Simples,Reta,Rural,2008,2,0,0,0,2,0,0,2
342899,17/02/2008,Domingo,06:30:00,RN,101,106.2,PARNAMIRIM,Outras,Atropelamento de pessoa,Com Vítimas Feridas,Amanhecer,Crescente,Ceu Claro,Dupla,Cruzamento,Urbano,2008,2,0,0,1,1,0,1,1
342902,09/02/2008,Sábado,22:00:00,RN,110,96.9,NATAL,Falta de atenção,Colisão traseira,Sem Vítimas,Plena noite,Crescente,Ceu Claro,Múltipla,Cruzamento,Urbano,2008,2,0,0,0,2,0,0,2
342920,17/02/2008,Domingo,09:00:00,RN,304,121.3,IPANGUACU,Defeito mecânico em veículo,Danos Eventuais,Sem Vítimas,Pleno dia,Crescente,Sol,Simples,Reta,Rural,2008,1,0,0,0,1,0,0,1
342924,13/02/2008,Quarta,10:00:00,RN,101,95.6,NATAL,Defeito mecânico em veículo,Colisão traseira,Sem Vítimas,Pleno dia,Decrescente,Sol,Múltipla,Reta,Urbano,2008,3,0,0,0,3,0,0,3
342935,05/02/2008,Terça,20:20:00,RN,304,282,MACAIBA,Outras,Colisão traseira,Com Vítimas Feridas,Plena noite,Crescente,Ceu Claro,Simples,Reta,Rural,2008,2,0,1,0,1,0,1,2
342952,17/02/2008,Domingo,06:10:00,RN,304,294,MACAIBA,Desobediência à sinalização,Colisão Transversal,Sem Vítimas,Amanhecer,Crescente,Ceu Claro,Simples,Cruzamento,Urbano,2008,2,0,0,0,2,0,0,2
343071,13/02/2008,Quarta,09:20:00,RN,304,1.9,MOSSORO,Falta de atenção,Colisão traseira,Sem Vítimas,Pleno dia,Decrescente,Ceu Claro,Simples,Reta,Rural,2008,2,0,0,0,2,0,0,2
343098,25/01/2008,Sexta,18:30:00,RN,304,39.8,MOSSORO,Outras,Colisão lateral,Com Vítimas Feridas,Plena noite,Crescente,Ceu Claro,Dupla,Curva,Urbano,2008,2,0,2,0,0,0,2,1
343122,17/02/2008,Domingo,11:20:00,RN,405,1.7,MOSSORO,Falta de atenção,Colisão com bicicleta,Com Vítimas Feridas,Pleno dia,Decrescente,Ceu Claro,Dupla,Reta,Urbano,2008,2,0,1,0,1,0,1,2
343131,17/02/2008,Domingo,16:45:00,RN,226,246,JUCURUTU,Outras,Capotamento,Com Vítimas Feridas,Pleno dia,Crescente,Ceu Claro,Simples,Reta,Rural,2008,2,0,1,1,0,0,2,1
343135,13/02/2008,Quarta,12:15:00,RN,101,101.7,PARNAMIRIM,Não guardar distância de segurança,Colisão traseira,Sem Vítimas,Pleno dia,Crescente,Ceu Claro,Dupla,Cruzamento,Urbano,2008,2,0,0,0,2,0,0,2
343149,17/02/2008,Domingo,17:00:00,RN,406,102.2,JOAO CAMARA,Falta de atenção,Colisão traseira,Sem Vítimas,Plena noite,Crescente,Ceu Claro,Simples,Reta,Urbano,2008,2,0,0,0,2,0,0,2
343251,17/02/2008,Domingo,16:30:00,RN,101,82.8,NATAL,Desobediência à sinalização,Colisão Transversal,Com Vítimas Feridas,Pleno dia,Decrescente,Sol,Múltipla,Reta,Urbano,2008,3,0,0,2,1,0,2,2
343270,12/02/2008,Terça,19:15:00,RN,110,48.2,MOSSORO,Falta de atenção,Colisão com bicicleta,Sem Vítimas,Plena noite,Crescente,Ceu Claro,Dupla,Cruzamento,Urbano,2008,2,0,0,0,1,1,0,2
343346,11/02/2008,Segunda,19:15:00,RN,427,107.7,CAICO,Animais na Pista,Saída de Pista,Sem Vítimas,Plena noite,Decrescente,Chuva,Simples,Reta,Rural,2008,1,0,0,0,1,0,0,1
343360,07/02/2008,Quinta,06:10:00,RN,101,109.2,PARNAMIRIM,Não guardar distância de segurança,Colisão traseira,Sem Vítimas,Pleno dia,Decrescente,Ceu Claro,Simples,Reta,Urbano,2008,2,0,0,0,2,0,0,2
343372,05/02/2008,Terça,19:40:00,RN,101,73.2,EXTREMOZ,Falta de atenção,Colisão Transversal,Sem Vítimas,Plena noite,Crescente,Ceu Claro,Simples,Cruzamento,Rural,2008,2,0,0,0,2,0,0,2
343431,18/02/2008,Segunda,10:35:00,RN,101,107.2,PARNAMIRIM,Falta de atenção,Colisão Transversal,Sem Vítimas,Pleno dia,Crescente,Sol,Dupla,Cruzamento,Urbano,2008,2,0,0,0,2,0,0,2
343472,01/02/2008,Sexta,23:00:00,RN,304,114,ASSU,Outras,Capotamento,Com Vítimas Feridas,Plena noite,Crescente,Ignorada,Simples,Reta,Urbano,2008,1,0,1,0,0,0,1,1
343531,18/02/2008,Segunda,10:00:00,RN,101,171.8,CANGUARETAMA,Outras,Saída de Pista,Sem Vítimas,Pleno dia,Crescente,Ceu Claro,Simples,Reta,Rural,2008,1,0,0,0,1,0,0,1
343564,18/02/2008,Segunda,13:30:00,RN,110,49.8,MOSSORO,Falta de atenção,Colisão traseira,Com Vítimas Feridas,Pleno dia,Decrescente,Ceu Claro,Simples,Reta,Urbano,2008,2,0,1,0,1,0,1,2
343587,19/02/2008,Terça,01:30:00,RN,101,120.5,SAO JOSE DE MIPIBU,Animais na Pista,Atropelamento de animal,Com Vítimas Fatais,Plena noite,Crescente,Ceu Claro,Simples,Reta,Rural,2008,1,1,0,0,0,0,0,1
343654,16/02/2008,Sábado,04:45:00,RN,226,113.5,SANTA CRUZ,Animais na Pista,Atropelamento de animal,Sem Vítimas,Amanhecer,Decrescente,Ceu Claro,Simples,Reta,Urbano,2008,1,0,0,0,1,0,0,1
343671,19/02/2008,Terça,08:01:00,RN,101,85,NATAL,Falta de atenção,Colisão traseira,Com Vítimas Feridas,Pleno dia,Crescente,Ceu Claro,Dupla,Reta,Urbano,2008,4,0,0,1,3,0,1,4
343736,19/02/2008,Terça,08:15:00,RN,304,125.1,ITAJA,Não guardar distância de segurança,Colisão traseira,Sem Vítimas,Pleno dia,Decrescente,Sol,Simples,Reta,Rural,2008,3,0,0,0,2,1,0,3
343764,19/02/2008,Terça,15:00:00,RN,101,84.2,SAO GONCALO DO AMARANTE,Falta de atenção,Colisão traseira,Sem Vítimas,Pleno dia,Crescente,Ceu Claro,Dupla,Reta,Urbano,2008,2,0,0,0,2,0,0,2
343784,19/02/2008,Terça,00:00:00,RN,304,102.2,ASSU,Dormindo,Capotamento,Com Vítimas Feridas,Plena noite,Decrescente,Ceu Claro,Simples,Reta,Rural,2008,1,0,1,0,0,0,1,1
343792,19/02/2008,Terça,07:30:00,RN,405,1.5,MOSSORO,Desobediência à sinalização,Colisão frontal,Com Vítimas Feridas,Pleno dia,Crescente,Sol,Dupla,Cruzamento,Urbano,2008,2,0,1,0,1,0,1,2
343850,17/02/2008,Domingo,18:20:00,RN,101,106.7,PARNAMIRIM,Outras,Atropelamento de pessoa,Com Vítimas Feridas,Anoitecer,Crescente,Ceu Claro,Dupla,Reta,Urbano,2008,2,0,0,1,0,1,1,1
343873,07/02/2008,Quinta,18:30:00,RN,101,99.8,NATAL,Outras,Colisão traseira,Sem Vítimas,Plena noite,Decrescente,Ceu Claro,Dupla,Cruzamento,Urbano,2008,2,0,0,0,2,0,0,2
343877,17/02/2008,Domingo,22:40:00,RN,101,141.7,ARES,Outras,Atropelamento de pessoa,Com Vítimas Fatais,Plena noite,Crescente,Ceu Claro,Simples,Reta,Rural,2008,2,1,0,0,1,0,0,1
343879,11/02/2008,Segunda,07:10:00,RN,101,97.9,NATAL,Defeito mecânico em veículo,Colisão com objeto móvel,Sem Vítimas,Pleno dia,Decrescente,Nublado,Dupla,Cruzamento,Urbano,2008,2,0,0,0,2,0,0,2
343883,11/02/2008,Segunda,07:00:00,RN,101,98,NATAL,Falta de atenção,Colisão traseira,Sem Vítimas,Pleno dia,Decrescente,Ceu Claro,Dupla,Reta,Urbano,2008,2,0,0,0,2,0,0,2
343917,19/02/2008,Terça,11:30:00,RN,101,106.2,PARNAMIRIM,Ultrapassagem indevida,Colisão lateral,Sem Vítimas,Pleno dia,Crescente,Ceu Claro,Dupla,Cruzamento,Urbano,2008,3,0,0,0,3,0,0,3
343931,18/02/2008,Segunda,08:35:00,RN,110,49.8,MOSSORO,Outras,Atropelamento de pessoa,Com Vítimas Feridas,Pleno dia,Crescente,Ceu Claro,Simples,Reta,Urbano,2008,2,0,1,0,1,0,1,1
344016,16/02/2008,Sábado,18:40:00,RN,101,99.8,NATAL,Não guardar distância de segurança,Colisão traseira,Sem Vítimas,Anoitecer,Crescente,Ceu Claro,Dupla,Reta,Urbano,2008,2,0,0,0,2,0,0,2
344034,19/02/2008,Terça,21:00:00,RN,304,132,ANGICOS,Outras,Tombamento,Com Vítimas Feridas,Plena noite,Decrescente,Ceu Claro,Simples,Reta,Rural,2008,2,0,0,2,0,0,2,1
344047,16/02/2008,Sábado,18:50:00,RN,101,94.3,NATAL,Falta de atenção,Colisão traseira,Sem Vítimas,Plena noite,Decrescente,Ceu Claro,Múltipla,Cruzamento,Urbano,2008,2,0,0,0,2,0,0,2
344055,17/02/2008,Domingo,00:20:00,RN,304,296,MACAIBA,Ultrapassagem indevida,Colisão Transversal,Sem Vítimas,Plena noite,Decrescente,Ceu Claro,Simples,Cruzamento,Urbano,2008,2,0,0,0,2,0,0,2
344064,20/02/2008,Quarta,07:20:00,RN,101,107.3,PARNAMIRIM,Desobediência à sinalização,Colisão Transversal,Com Vítimas Feridas,Pleno dia,Decrescente,Ceu Claro,Dupla,Cruzamento,Urbano,2008,3,0,0,1,2,0,1,2
344088,23/01/2008,Quarta,23:40:00,RN,101,107,PARNAMIRIM,Outras,Colisão Transversal,Com Vítimas Feridas,Plena noite,Decrescente,Ceu Claro,Dupla,Cruzamento,Urbano,2008,2,0,1,0,1,0,1,2
344101,17/02/2008,Domingo,04:50:00,RN,304,295.9,MACAIBA,Outras,Colisão Transversal,Com Vítimas Feridas,Amanhecer,Crescente,Ceu Claro,Simples,Reta,Urbano,2008,3,0,1,0,2,0,1,2
344154,20/02/2008,Quarta,10:30:00,RN,101,104,PARNAMIRIM,Outras,Colisão com bicicleta,Com Vítimas Feridas,Pleno dia,Crescente,Ceu Claro,Dupla,Reta,Urbano,2008,2,0,1,0,1,0,1,2
344208,20/02/2008,Quarta,12:40:00,RN,101,96.5,NATAL,Falta de atenção,Colisão traseira,Sem Vítimas,Pleno dia,Crescente,Ceu Claro,Dupla,Curva,Urbano,2008,2,0,0,0,2,0,0,2
344211,17/02/2008,Domingo,01:20:00,RN,304,305,MACAIBA,Falta de atenção,Capotamento,Sem Vítimas,Plena noite,Decrescente,Ceu Claro,Dupla,Reta,Urbano,2008,1,0,0,0,1,0,0,1
344285,20/02/2008,Quarta,16:40:00,RN,304,210.8,LAJES,Falta de atenção,Capotamento,Com Vítimas Feridas,Pleno dia,Crescente,Ceu Claro,Simples,Reta,Rural,2008,1,0,1,0,0,0,1,1
344306,20/02/2008,Quarta,15:15:00,RN,110,49.2,MOSSORO,Falta de atenção,Colisão lateral,Sem Vítimas,Pleno dia,Crescente,Ceu Claro,Dupla,Reta,Urbano,2008,1,0,0,0,1,0,0,1
344362,12/01/2008,Sábado,23:55:00,RN,101,107.9,PARNAMIRIM,Outras,Colisão traseira,Sem Vítimas,Plena noite,Crescente,Ceu Claro,Dupla,Cruzamento,Urbano,2008,2,0,0,0,2,0,0,2
344366,18/02/2008,Segunda,08:45:00,RN,427,13.4,ACARI,Outras,Colisão traseira,Sem Vítimas,Pleno dia,Crescente,Ceu Claro,Simples,Reta,Rural,2008,2,0,0,0,2,0,0,2
344426,17/02/2008,Domingo,12:30:00,RN,304,295.3,MACAIBA,Ultrapassagem indevida,Colisão frontal,Com Vítimas Feridas,Pleno dia,Crescente,Ceu Claro,Simples,Reta,Rural,2008,2,0,1,0,1,0,1,2
344446,17/02/2008,Domingo,21:40:00,RN,101,96.4,NATAL,Desobediência à sinalização,Colisão Transversal,Sem Vítimas,Plena noite,Crescente,Ceu Claro,Dupla,Cruzamento,Urbano,2008,2,0,0,0,2,0,0,2
344451,21/02/2008,Quinta,11:00:00,RN,101,105.9,PARNAMIRIM,Não guardar distância de segurança,Colisão lateral,Sem Vítimas,Pleno dia,Crescente,Ceu Claro,Dupla,Cruzamento,Urbano,2008,2,0,0,0,2,0,0,2
344471,18/02/2008,Segunda,08:00:00,RN,101,85.8,NATAL,Ultrapassagem indevida,Colisão traseira,Sem Vítimas,Pleno dia,Crescente,Ceu Claro,Dupla,Reta,Urbano,2008,2,0,0,0,2,0,0,2
344483,17/02/2008,Domingo,00:25:00,RN,304,295.9,MACAIBA,Ultrapassagem indevida,Colisão Transversal,Sem Vítimas,Plena noite,Decrescente,Ceu Claro,Simples,Reta,Urbano,2008,2,0,0,0,2,0,0,2
344503,17/02/2008,Domingo,03:00:00,RN,101,101.8,PARNAMIRIM,Desobediência à sinalização,Colisão lateral,Sem Vítimas,Plena noite,Decrescente,Ceu Claro,Dupla,Cruzamento,Urbano,2008,2,0,0,0,2,0,0,2
344550,21/02/2008,Quinta,14:30:00,RN,101,82.9,NATAL,Falta de atenção,Colisão Transversal,Com Vítimas Feridas,Pleno dia,Decrescente,Ceu Claro,Dupla,Reta,Urbano,2008,2,0,0,1,1,0,1,2
344557,21/02/2008,Quinta,08:00:00,RN,101,97.9,NATAL,Falta de atenção,Colisão traseira,Sem Vítimas,Pleno dia,Decrescente,Sol,Dupla,Reta,Urbano,2008,2,0,0,0,2,0,0,2
344562,17/02/2008,Domingo,20:00:00,RN,226,9.8,MACAIBA,Animais na Pista,Atropelamento de animal,Sem Vítimas,Plena noite,Decrescente,Ceu Claro,Simples,Reta,Rural,2008,1,0,0,0,1,0,0,1
344563,21/02/2008,Quinta,17:30:00,RN,304,35.6,MOSSORO,Outras,Colisão traseira,Sem Vítimas,Anoitecer,Decrescente,Ceu Claro,Dupla,Cruzamento,Urbano,2008,2,0,0,0,2,0,0,2
344586,21/02/2008,Quinta,11:30:00,RN,427,8.5,CURRAIS NOVOS,Falta de atenção,Colisão traseira,Sem Vítimas,Pleno dia,Crescente,Sol,Simples,Reta,Rural,2008,2,0,0,0,2,0,0,2
344594,06/02/2008,Quarta,14:10:00,RN,101,145.1,GOIANINHA,Não guardar distância de segurança,Colisão traseira,Sem Vítimas,Pleno dia,Decrescente,Ceu Claro,Simples,Reta,Rural,2008,3,0,0,0,2,1,0,3
344640,21/02/2008,Quinta,17:30:00,RN,101,96.8,NATAL,Ultrapassagem indevida,Atropelamento de pessoa,Com Vítimas Feridas,Anoitecer,Decrescente,Ceu Claro,Dupla,Reta,Urbano,2008,2,0,1,0,1,0,1,1
344642,21/02/2008,Quinta,08:50:00,RN,101,84.2,SAO GONCALO DO AMARANTE,Não guardar distância de segurança,Colisão traseira,Sem Vítimas,Pleno dia,Crescente,Sol,Dupla,Reta,Urbano,2008,2,0,0,0,2,0,0,2
344752,28/01/2008,Segunda,15:30:00,RN,101,104.6,PARNAMIRIM,Falta de atenção,Colisão lateral,Sem Vítimas,Pleno dia,Crescente,Sol,Dupla,Reta,Urbano,2008,2,0,0,0,2,0,0,2
344817,17/02/2008,Domingo,02:00:00,RN,304,34,MOSSORO,Outras,Colisão traseira,Sem Vítimas,Plena noite,Decrescente,Ceu Claro,Simples,Reta,Urbano,2008,4,0,0,0,2,2,0,4
344818,22/02/2008,Sexta,10:30:00,RN,101,82.8,NATAL,Outras,Colisão lateral,Sem Vítimas,Pleno dia,Crescente,Ceu Claro,Dupla,Reta,Urbano,2008,2,0,0,0,2,0,0,2
345114,23/02/2008,Sábado,07:45:00,RN,101,97.1,NATAL,Falta de atenção,Colisão traseira,Sem Vítimas,Pleno dia,Decrescente,Ceu Claro,Múltipla,Reta,Urbano,2008,2,0,0,0,2,0,0,2
345165,19/02/2008,Terça,19:20:00,RN,226,113.4,SANTA CRUZ,Animais na Pista,Atropelamento de animal,Sem Vítimas,Plena noite,Decrescente,Ceu Claro,Simples,Reta,Urbano,2008,1,0,0,0,1,0,0,1
345180,23/02/2008,Sábado,08:50:00,RN,101,97.9,NATAL,Falta de atenção,Colisão Transversal,Sem Vítimas,Pleno dia,Decrescente,Sol,Múltipla,Reta,Urbano,2008,2,0,0,0,2,0,0,2
345198,21/02/2008,Quinta,11:40:00,RN,101,99.6,NATAL,Falta de atenção,Colisão traseira,Sem Vítimas,Pleno dia,Decrescente,Ceu Claro,Dupla,Reta,Urbano,2008,2,0,0,0,2,0,0,2
345302,23/02/2008,Sábado,10:05:00,RN,304,36.7,MOSSORO,Desobediência à sinalização,Colisão Transversal,Com Vítimas Feridas,Pleno dia,Crescente,Ceu Claro,Simples,Reta,Urbano,2008,2,0,1,0,1,0,1,2
345303,23/02/2008,Sábado,18:20:00,RN,226,0.6,NATAL,Falta de atenção,Colisão frontal,Com Vítimas Feridas,Plena noite,Crescente,Ceu Claro,Simples,Reta,Urbano,2008,2,0,1,0,1,0,1,2
345400,23/02/2008,Sábado,19:00:00,RN,101,97.8,NATAL,Ingestão de álcool,Colisão traseira,Sem Vítimas,Plena noite,Crescente,Ceu Claro,Dupla,Reta,Urbano,2008,2,0,0,0,2,0,0,2
345436,20/02/2008,Quarta,19:30:00,RN,101,102.9,PARNAMIRIM,Não guardar distância de segurança,Colisão lateral,Sem Vítimas,Plena noite,Crescente,Ceu Claro,Múltipla,Reta,Urbano,2008,2,0,0,0,2,0,0,2
345449,16/02/2008,Sábado,21:45:00,RN,304,296.7,MACAIBA,Ingestão de álcool,Colisão traseira,Sem Vítimas,Plena noite,Crescente,Ceu Claro,Simples,Cruzamento,Rural,2008,2,0,0,0,2,0,0,2
345460,16/02/2008,Sábado,15:00:00,RN,101,122.8,SAO JOSE DE MIPIBU,Ultrapassagem indevida,Saída de Pista,Sem Vítimas,Pleno dia,Crescente,Sol,Simples,Reta,Rural,2008,1,0,0,0,1,0,0,1
345494,11/02/2008,Segunda,02:30:00,RN,304,279.7,MACAIBA,Animais na Pista,Atropelamento de animal,Com Vítimas Feridas,Plena noite,Decrescente,Ceu Claro,Simples,Reta,Rural,2008,2,0,2,0,0,0,2,1
345527,21/02/2008,Quinta,01:28:00,RN,101,117,SAO JOSE DE MIPIBU,Outras,Colisão frontal,Com Vítimas Feridas,Plena noite,Crescente,Ceu Claro,Simples,Reta,Rural,2008,2,0,0,1,1,0,1,2
345567,24/02/2008,Domingo,13:30:00,RN,101,155.1,GOIANINHA,Outras,Capotamento,Com Vítimas Fatais,Pleno dia,Decrescente,Ceu Claro,Dupla,Reta,Rural,2008,1,1,0,0,0,0,0,1
345589,20/02/2008,Quarta,14:40:00,RN,304,292,MACAIBA,Outras,Capotamento,Sem Vítimas,Pleno dia,Crescente,Ceu Claro,Simples,Reta,Rural,2008,1,0,0,0,1,0,0,1
345616,24/02/2008,Domingo,08:30:00,RN,304,273,IELMO MARINHO,Dormindo,Capotamento,Com Vítimas Fatais,Pleno dia,Decrescente,Ceu Claro,Simples,Reta,Rural,2008,1,1,0,0,0,0,0,1
345710,24/02/2008,Domingo,13:20:00,RN,101,80.7,NATAL,Desobediência à sinalização,Colisão Transversal,Com Vítimas Feridas,Pleno dia,Decrescente,Ceu Claro,Dupla,Curva,Urbano,2008,3,0,1,1,1,0,2,2
345811,24/02/2008,Domingo,01:30:00,RN,406,149,CEARA-MIRIM,Animais na Pista,Atropelamento de animal,Sem Vítimas,Plena noite,Crescente,Ceu Claro,Simples,Reta,Urbano,2008,1,0,0,0,1,0,0,1
345829,21/02/2008,Quinta,17:18:00,RN,101,106.8,PARNAMIRIM,Outras,Colisão lateral,Com Vítimas Feridas,Pleno dia,Crescente,Sol,Dupla,Reta,Urbano,2008,2,0,1,0,1,0,1,2
345871,23/02/2008,Sábado,14:15:00,RN,101,97.9,NATAL,Ingestão de álcool,Colisão traseira,Com Vítimas Feridas,Pleno dia,Crescente,Ceu Claro,Múltipla,Reta,Urbano,2008,3,0,1,0,2,0,1,2
345884,03/02/2008,Domingo,17:30:00,RN,101,66.8,EXTREMOZ,Outras,Colisão lateral,Sem Vítimas,Anoitecer,Crescente,Ceu Claro,Simples,Reta,Rural,2008,2,0,0,0,2,0,0,2
345901,23/02/2008,Sábado,02:55:00,RN,101,113.9,SAO JOSE DE MIPIBU,Dormindo,Capotamento,Sem Vítimas,Plena noite,Decrescente,Ceu Claro,Simples,Reta,Rural,2008,1,0,0,0,1,0,0,1
345949,25/02/2008,Segunda,10:45:00,RN,110,46.4,MOSSORO,Falta de atenção,Colisão lateral,Com Vítimas Feridas,Pleno dia,Decrescente,Sol,Simples,Reta,Urbano,2008,2,0,1,0,1,0,1,2
345988,24/02/2008,Domingo,23:30:00,RN,427,27.9,ACARI,Ingestão de álcool,Colisão frontal,Com Vítimas Feridas,Plena noite,Decrescente,Ceu Claro,Simples,Reta,Urbano,2008,2,0,1,0,1,0,1,2
346032,20/02/2008,Quarta,18:45:00,RN,226,137.6,CAMPO REDONDO,Outras,Atropelamento de pessoa,Com Vítimas Fatais,Plena noite,Decrescente,Ceu Claro,Simples,Reta,Rural,2008,2,1,0,0,1,0,0,1
346130,25/02/2008,Segunda,18:40:00,RN,406,126,POCO BRANCO,Falta de atenção,Colisão Transversal,Com Vítimas Feridas,Plena noite,Decrescente,Ceu Claro,Simples,Curva,Rural,2008,2,0,1,0,1,0,1,2
346231,17/02/2008,Domingo,23:50:00,RN,101,107.2,PARNAMIRIM,Ingestão de álcool,Colisão traseira,Sem Vítimas,Plena noite,Decrescente,Ceu Claro,Dupla,Cruzamento,Urbano,2008,2,0,0,0,2,0,0,2
346232,25/02/2008,Segunda,13:00:00,RN,101,96,NATAL,Velocidade incompatível,Colisão traseira,Sem Vítimas,Pleno dia,Decrescente,Ceu Claro,Dupla,Reta,Urbano,2008,4,0,0,0,4,0,0,4
346275,22/02/2008,Sexta,09:45:00,RN,304,148,ANGICOS,Falta de atenção,Colisão Transversal,Sem Vítimas,Pleno dia,Crescente,Ceu Claro,Simples,Reta,Urbano,2008,2,0,0,0,2,0,0,2
346306,25/02/2008,Segunda,15:30:00,RN,101,97.5,NATAL,Falta de atenção,Colisão traseira,Sem Vítimas,Pleno dia,Decrescente,Sol,Dupla,Reta,Urbano,2008,3,0,0,0,3,0,0,3
346322,26/02/2008,Terça,09:05:00,RN,101,72.9,EXTREMOZ,Outras,Colisão traseira,Sem Vítimas,Pleno dia,Decrescente,Ceu Claro,Simples,Reta,Rural,2008,2,0,0,0,2,0,0,2
346350,26/02/2008,Terça,07:35:00,RN,101,95.2,NATAL,Não guardar distância de segurança,Colisão traseira,Sem Vítimas,Pleno dia,Decrescente,Nublado,Múltipla,Reta,Urbano,2008,2,0,0,0,2,0,0,2
346362,23/02/2008,Sábado,14:45:00,RN,101,166.2,CANGUARETAMA,Defeito na via,Capotamento,Com Vítimas Feridas,Pleno dia,Decrescente,Ceu Claro,Simples,Reta,Rural,2008,2,0,0,2,0,0,2,1
346365,26/02/2008,Terça,07:10:00,RN,101,94.8,NATAL,Não guardar distância de segurança,Colisão traseira,Sem Vítimas,Plena noite,Decrescente,Chuva,Dupla,Reta,Urbano,2008,3,0,0,0,3,0,0,3
346395,02/02/2008,Sábado,20:25:00,RN,101,65.7,CEARA-MIRIM,Não guardar distância de segurança,Colisão traseira,Sem Vítimas,Plena noite,Decrescente,Ceu Claro,Simples,Reta,Rural,2008,2,0,0,0,2,0,0,2
346456,26/02/2008,Terça,10:45:00,RN,101,84.5,SAO GONCALO DO AMARANTE,Não guardar distância de segurança,Colisão lateral,Sem Vítimas,Pleno dia,Crescente,Ceu Claro,Dupla,Reta,Urbano,2008,2,0,0,0,2,0,0,2
346467,26/02/2008,Terça,08:30:00,RN,304,214.6,LAJES,Outras,Saída de Pista,Sem Vítimas,Pleno dia,Decrescente,Sol,Simples,Reta,Rural,2008,1,0,0,0,1,0,0,1
346516,26/02/2008,Terça,07:25:00,RN,101,95.3,NATAL,Outras,Colisão traseira,Sem Vítimas,Pleno dia,Decrescente,Nevoeiro/neblina,Múltipla,Reta,Urbano,2008,3,0,0,0,3,0,0,3
346707,27/02/2008,Quarta,09:40:00,RN,405,110.8,ITAU,Falta de atenção,Colisão Transversal,Com Vítimas Fatais,Pleno dia,Decrescente,Ceu Claro,Simples,Reta,Rural,2008,2,1,0,0,1,0,0,2
346777,27/02/2008,Quarta,06:00:00,RN,406,41,GUAMARE,Outras,Saída de Pista,Com Vítimas Feridas,Pleno dia,Decrescente,Ceu Claro,Simples,Reta,Rural,2008,2,0,1,0,1,0,1,1
346782,27/02/2008,Quarta,18:30:00,RN,101,79.3,NATAL,Falta de atenção,Colisão Transversal,Com Vítimas Feridas,Plena noite,Crescente,Ceu Claro,Dupla,Cruzamento,Urbano,2008,3,0,1,1,1,0,2,2
347012,11/01/2008,Sexta,14:15:00,RN,101,96.9,NATAL,Falta de atenção,Colisão Transversal,Sem Vítimas,Pleno dia,Crescente,Ceu Claro,Simples,Reta,Urbano,2008,2,0,0,0,2,0,0,2
347049,21/02/2008,Quinta,16:00:00,RN,101,80.6,NATAL,Desobediência à sinalização,Colisão Transversal,Sem Vítimas,Plena noite,Crescente,Sol,Dupla,Cruzamento,Urbano,2008,2,0,0,0,1,1,0,2
347090,28/02/2008,Quinta,14:50:00,RN,101,80.7,NATAL,Falta de atenção,Colisão lateral,Sem Vítimas,Pleno dia,Decrescente,Sol,Dupla,Curva,Urbano,2008,2,0,0,0,2,0,0,2
347120,26/02/2008,Terça,11:25:00,RN,101,96.9,NATAL,Não guardar distância de segurança,Colisão traseira,Sem Vítimas,Pleno dia,Decrescente,Ceu Claro,Dupla,Curva,Urbano,2008,2,0,0,0,2,0,0,2
347128,28/02/2008,Quinta,15:00:00,RN,101,84.2,NATAL,Falta de atenção,Colisão traseira,Sem Vítimas,Pleno dia,Crescente,Ceu Claro,Dupla,Reta,Urbano,2008,2,0,0,0,2,0,0,2
347133,28/02/2008,Quinta,17:50:00,RN,226,4.4,MACAIBA,Outras,Colisão Transversal,Com Vítimas Feridas,Anoitecer,Crescente,Ceu Claro,Simples,Reta,Urbano,2008,3,0,1,0,2,0,1,3
347199,28/02/2008,Quinta,13:40:00,RN,101,84.7,SAO GONCALO DO AMARANTE,Outras,Colisão traseira,Com Vítimas Feridas,Pleno dia,Crescente,Ceu Claro,Dupla,Reta,Urbano,2008,2,0,0,1,1,0,1,2