id,data_inversa,dia_semana,horario,uf,br,km,municipio,causa_acidente,tipo_acidente,classificacao_acidente,fase_dia,sentido_via,condicao_metereologica,tipo_pista,tracado_via,uso_solo,ano,pessoas,mortos,feridos_leves,feridos_graves,ilesos,ignorados,feridos,veiculos
347256,25/02/2008,Segunda,20:15:00,RN,226,47,BOM JESUS,Animais na Pista,Atropelamento de animal,Sem Vítimas,Plena noite,Crescente,Ceu Claro,Simples,Reta,Rural,2008,1,0,0,0,1,0,0,1
347269,22/02/2008,Sexta,20:15:00,RN,304,151.2,ANGICOS,Falta de atenção,Capotamento,Com Vítimas Feridas,Plena noite,Crescente,Ceu Claro,Simples,Reta,Rural,2008,1,0,1,0,0,0,1,1
347293,24/02/2008,Domingo,05:00:00,RN,304,35.5,MOSSORO,Falta de atenção,Colisão Transversal,Com Vítimas Feridas,Amanhecer,Crescente,Ceu Claro,Simples,Curva,Urbano,2008,2,0,1,0,1,0,1,2
347527,25/02/2008,Segunda,08:30:00,RN,101,109.8,PARNAMIRIM,Outras,Colisão Transversal,Com Vítimas Feridas,Pleno dia,Crescente,Sol,Simples,Cruzamento,Urbano,2008,3,0,1,0,2,0,1,2
347726,26/02/2008,Terça,06:30:00,RN,304,24.7,MOSSORO,Defeito mecânico em veículo,Incêndio,Sem Vítimas,Amanhecer,Crescente,Nublado,Simples,Reta,Rural,2008,1,0,0,0,1,0,0,1
347727,01/03/2008,Sábado,07:05:00,RN,101,83.5,NATAL,Outras,Colisão traseira,Sem Vítimas,Plena noite,Decrescente,Ceu Claro,Dupla,Reta,Urbano,2008,2,0,0,0,1,1,0,2
347757,26/02/2008,Terça,17:45:00,RN,101,97.9,NATAL,Falta de atenção,Colisão Transversal,Sem Vítimas,Anoitecer,Crescente,Ceu Claro,Dupla,Reta,Urbano,2008,2,0,0,0,2,0,0,2
347777,26/02/2008,Terça,07:30:00,RN,101,108.5,PARNAMIRIM,Outras,Colisão Transversal,Com Vítimas Feridas,Pleno dia,Decrescente,Ceu Claro,Dupla,Curva,Urbano,2008,3,0,1,1,1,0,2,2
347828,01/03/2008,Sábado,12:00:00,RN,304,243.8,RIACHUELO,Ultrapassagem indevida,Saída de Pista,Sem Vítimas,Pleno dia,Crescente,Sol,Simples,Reta,Rural,2008,2,0,0,0,2,0,0,2
348008,26/02/2008,Terça,18:00:00,RN,101,97.9,NATAL,Defeito mecânico em veículo,Incêndio,Sem Vítimas,Plena noite,Crescente,Ceu Claro,Múltipla,Reta,Urbano,2008,1,0,0,0,1,0,0,1
348059,01/03/2008,Sábado,16:06:00,RN,101,97,NATAL,Não guardar distância de segurança,Colisão traseira,Sem Vítimas,Pleno dia,Decrescente,Ceu Claro,Múltipla,Reta,Urbano,2008,2,0,0,0,2,0,0,2
348094,01/03/2008,Sábado,15:30:00,RN,101,103.3,PARNAMIRIM,Outras,Atropelamento de pessoa,Com Vítimas Feridas,Pleno dia,Decrescente,Ceu Claro,Dupla,Reta,Urbano,2008,2,0,0,1,1,0,1,1
348151,27/02/2008,Quarta,06:00:00,RN,101,107.7,PARNAMIRIM,Não guardar distância de segurança,Colisão traseira,Sem Vítimas,Pleno dia,Decrescente,Ceu Claro,Dupla,Cruzamento,Urbano,2008,2,0,0,0,2,0,0,2
348193,23/02/2008,Sábado,23:30:00,RN,101,100.8,PARNAMIRIM,Outras,Saída de Pista,Sem Vítimas,Plena noite,Decrescente,Ceu Claro,Dupla,Curva,Urbano,2008,1,0,0,0,1,0,0,1
348278,29/02/2008,Sexta,19:40:00,RN,101,110.9,PARNAMIRIM,Outras,Colisão Transversal,Sem Vítimas,Plena noite,Decrescente,Ceu Claro,Simples,Reta,Rural,2008,2,0,0,0,1,1,0,2
348279,27/02/2008,Quarta,12:50:00,RN,101,97.9,NATAL,Falta de atenção,Colisão lateral,Sem Vítimas,Pleno dia,Crescente,Sol,Múltipla,Reta,Urbano,2008,2,0,0,0,2,0,0,2
348293,27/02/2008,Quarta,22:35:00,RN,101,95.6,NATAL,Falta de atenção,Colisão lateral,Sem Vítimas,Plena noite,Decrescente,Ceu Claro,Múltipla,Reta,Urbano,2008,2,0,0,0,2,0,0,2
348318,27/02/2008,Quarta,15:50:00,RN,101,96.5,NATAL,Falta de atenção,Colisão traseira,Sem Vítimas,Pleno dia,Decrescente,Ceu Claro,Dupla,Reta,Urbano,2008,2,0,0,0,2,0,0,2
348340,24/02/2008,Domingo,22:40:00,RN,101,97.8,NATAL,Não guardar distância de segurança,Colisão traseira,Sem Vítimas,Plena noite,Crescente,Ceu Claro,Dupla,Cruzamento,Urbano,2008,2,0,0,0,2,0,0,2
348348,02/03/2008,Domingo,11:30:00,RN,304,74.6,MOSSORO,Falta de atenção,Saída de Pista,Com Vítimas Feridas,Pleno dia,Decrescente,Ceu Claro,Simples,Reta,Rural,2008,3,0,2,0,1,0,2,1
348431,28/02/2008,Quinta,06:15:00,RN,101,97.9,NATAL,Falta de atenção,Colisão traseira,Sem Vítimas,Amanhecer,Crescente,Ceu Claro,Dupla,Cruzamento,Urbano,2008,3,0,0,0,3,0,0,3
348468,02/03/2008,Domingo,21:45:00,RN,101,107,PARNAMIRIM,Ingestão de álcool,Colisão frontal,Sem Vítimas,Plena noite,Crescente,Ceu Claro,Dupla,Cruzamento,Urbano,2008,2,0,0,0,2,0,0,2
348519,24/02/2008,Domingo,17:00:00,RN,101,125,SAO JOSE DE MIPIBU,Outras,Colisão Transversal,Com Vítimas Feridas,Pleno dia,Crescente,Sol,Simples,Cruzamento,Urbano,2008,2,0,1,0,1,0,1,2
348538,28/02/2008,Quinta,15:00:00,RN,101,95.4,NATAL,Falta de atenção,Colisão traseira,Sem Vítimas,Pleno dia,Crescente,Ceu Claro,Dupla,Cruzamento,Urbano,2008,2,0,0,0,2,0,0,2
348561,01/03/2008,Sábado,22:50:00,RN,101,100.7,PARNAMIRIM,Falta de atenção,Colisão traseira,Sem Vítimas,Plena noite,Decrescente,Ceu Claro,Dupla,Reta,Urbano,2008,3,0,0,0,2,1,0,3
348573,13/02/2008,Quarta,08:50:00,RN,101,102.9,PARNAMIRIM,Falta de atenção,Colisão lateral,Sem Vítimas,Pleno dia,Decrescente,Ceu Claro,Dupla,Reta,Urbano,2008,2,0,0,0,2,0,0,2
348575,01/03/2008,Sábado,21:30:00,RN,101,102.7,PARNAMIRIM,Desobediência à sinalização,Colisão Transversal,Sem Vítimas,Plena noite,Crescente,Ceu Claro,Dupla,Reta,Urbano,2008,2,0,0,0,2,0,0,2
348606,27/02/2008,Quarta,07:15:00,RN,101,97.3,NATAL,Falta de atenção,Colisão lateral,Sem Vítimas,Pleno dia,Decrescente,Ceu Claro,Dupla,Reta,Urbano,2008,2,0,0,0,2,0,0,2
348656,29/02/2008,Sexta,06:05:00,RN,101,82.9,SAO GONCALO DO AMARANTE,Falta de atenção,Colisão traseira,Sem Vítimas,Pleno dia,Crescente,Sol,Dupla,Reta,Urbano,2008,2,0,0,0,2,0,0,2
348663,03/03/2008,Segunda,07:30:00,RN,101,107.3,PARNAMIRIM,Falta de atenção,Colisão traseira,Sem Vítimas,Amanhecer,Decrescente,Nublado,Dupla,Cruzamento,Urbano,2008,2,0,0,0,2,0,0,2
348683,28/02/2008,Quinta,16:00:00,RN,101,96.9,NATAL,Não guardar distância de segurança,Colisão traseira,Com Vítimas Feridas,Pleno dia,Decrescente,Ceu Claro,Dupla,Reta,Urbano,2008,2,0,1,0,1,0,1,2
348684,03/03/2008,Segunda,06:50:00,RN,101,84.8,SAO GONCALO DO AMARANTE,Outras,Colisão traseira,Sem Vítimas,Pleno dia,Crescente,Sol,Simples,Curva,Urbano,2008,2,0,0,0,2,0,0,2
348711,03/03/2008,Segunda,17:25:00,RN,101,113.8,SAO JOSE DE MIPIBU,Falta de atenção,Colisão traseira,Com Vítimas Feridas,Pleno dia,Crescente,Ceu Claro,Simples,Reta,Urbano,2008,2,0,1,0,1,0,1,2
348726,27/02/2008,Quarta,18:50:00,RN,101,100.3,PARNAMIRIM,Não guardar distância de segurança,Colisão traseira,Sem Vítimas,Plena noite,Decrescente,Ceu Claro,Dupla,Reta,Urbano,2008,3,0,0,0,3,0,0,3
348972,04/03/2008,Terça,16:40:00,RN,101,79.7,NATAL,Falta de atenção,Colisão Transversal,Sem Vítimas,Pleno dia,Crescente,Ceu Claro,Simples,Reta,Urbano,2008,2,0,0,0,2,0,0,2
349053,04/03/2008,Terça,21:15:00,RN,101,82.9,SAO GONCALO DO AMARANTE,Falta de atenção,Colisão lateral,Sem Vítimas,Plena noite,Crescente,Vento,Dupla,Curva,Urbano,2008,2,0,0,0,2,0,0,2
349099,29/02/2008,Sexta,17:10:00,RN,101,100.2,PARNAMIRIM,Outras,Colisão com bicicleta,Com Vítimas Feridas,Pleno dia,Crescente,Ceu Claro,Dupla,Reta,Urbano,2008,2,0,1,0,1,0,1,2
349106,29/02/2008,Sexta,20:50:00,RN,101,109.8,PARNAMIRIM,Outras,Colisão traseira,Sem Vítimas,Plena noite,Crescente,Ceu Claro,Simples,Cruzamento,Urbano,2008,2,0,0,0,2,0,0,2
349147,06/02/2008,Quarta,15:20:00,RN,304,83.8,ASSU,Falta de atenção,Colisão Transversal,Sem Vítimas,Pleno dia,Crescente,Ceu Claro,Simples,Reta,Rural,2008,2,0,0,0,2,0,0,2
349240,01/03/2008,Sábado,17:15:00,RN,101,95.3,NATAL,Não guardar distância de segurança,Colisão lateral,Sem Vítimas,Pleno dia,Decrescente,Sol,Múltipla,Cruzamento,Urbano,2008,2,0,0,0,2,0,0,2
349259,27/02/2008,Quarta,05:40:00,RN,101,109.3,PARNAMIRIM,Falta de atenção,Colisão Transversal,Com Vítimas Feridas,Amanhecer,Crescente,Ceu Claro,Simples,Reta,Rural,2008,2,0,0,1,1,0,1,2
349281,01/03/2008,Sábado,13:10:00,RN,101,156.9,CANGUARETAMA,Não guardar distância de segurança,Colisão traseira,Sem Vítimas,Pleno dia,Crescente,Ceu Claro,Simples,Reta,Rural,2008,2,0,0,0,2,0,0,2
349290,28/02/2008,Quinta,12:45:00,RN,101,103.1,PARNAMIRIM,Falta de atenção,Colisão Transversal,Sem Vítimas,Pleno dia,Crescente,Ceu Claro,Simples,Cruzamento,Urbano,2008,2,0,0,0,2,0,0,2
349314,03/03/2008,Segunda,11:25:00,RN,304,284.9,MACAIBA,Falta de atenção,Colisão frontal,Com Vítimas Fatais,Pleno dia,Crescente,Sol,Simples,Reta,Rural,2008,5,1,0,2,2,0,2,4
349317,03/03/2008,Segunda,12:55:00,RN,101,97.4,NATAL,Falta de atenção,Colisão traseira,Sem Vítimas,Pleno dia,Decrescente,Sol,Dupla,Reta,Urbano,2008,2,0,0,0,2,0,0,2
349322,02/03/2008,Domingo,02:10:00,RN,101,85,SAO GONCALO DO AMARANTE,Falta de atenção,Colisão com objeto fixo,Com Vítimas Feridas,Plena noite,Crescente,Ceu Claro,Dupla,Curva,Urbano,2008,1,0,1,0,0,0,1,1
349343,03/03/2008,Segunda,14:45:00,RN,101,97.9,NATAL,Não guardar distância de segurança,Colisão traseira,Sem Vítimas,Pleno dia,Decrescente,Ceu Claro,Dupla,Reta,Urbano,2008,2,0,0,0,2,0,0,2
349361,05/03/2008,Quarta,07:20:00,RN,101,85.5,SAO GONCALO DO AMARANTE,Não guardar distância de segurança,Colisão traseira,Com Vítimas Feridas,Pleno dia,Crescente,Ceu Claro,Dupla,Reta,Urbano,2008,2,0,1,0,1,0,1,2
349450,01/03/2008,Sábado,16:50:00,RN,226,134.9,CAMPO REDONDO,Outras,Colisão frontal,Com Vítimas Feridas,Pleno dia,Decrescente,Ceu Claro,Simples,Reta,Rural,2008,2,0,1,0,1,0,1,2
349456,05/03/2008,Quarta,22:20:00,RN,101,106,PARNAMIRIM,Desobediência à sinalização,Colisão Transversal,Com Vítimas Feridas,Plena noite,Decrescente,Ceu Claro,Dupla,Cruzamento,Urbano,2008,3,0,1,0,2,0,1,2
349465,05/03/2008,Quarta,12:50:00,RN,406,96.5,JOAO CAMARA,Outras,Tombamento,Com Vítimas Feridas,Pleno dia,Crescente,Ceu Claro,Simples,Reta,Rural,2008,1,0,1,0,0,0,1,1
349493,05/03/2008,Quarta,18:45:00,RN,101,96,NATAL,Não guardar distância de segurança,Colisão traseira,Com Vítimas Feridas,Plena noite,Crescente,Nublado,Dupla,Reta,Urbano,2008,2,0,1,0,1,0,1,2
349509,05/03/2008,Quarta,07:40:00,RN,101,82.8,SAO GONCALO DO AMARANTE,Outras,Colisão lateral,Sem Vítimas,Pleno dia,Crescente,Sol,Dupla,Reta,Urbano,2008,2,0,0,0,2,0,0,2
349533,05/03/2008,Quarta,18:45:00,RN,101,96,NATAL,Não guardar distância de segurança,Colisão traseira,Sem Vítimas,Plena noite,Decrescente,Ceu Claro,Dupla,Reta,Urbano,2008,2,0,0,0,2,0,0,2
349538,01/03/2008,Sábado,23:15:00,RN,304,30.8,MOSSORO,Animais na Pista,Atropelamento de animal,Com Vítimas Feridas,Plena noite,Decrescente,Nublado,Dupla,Reta,Urbano,2008,1,0,1,0,0,0,1,1
349568,23/02/2008,Sábado,18:00:00,RN,101,162,CANGUARETAMA,Falta de atenção,Colisão traseira,Sem Vítimas,Anoitecer,Crescente,Ceu Claro,Simples,Reta,Urbano,2008,3,0,0,0,3,0,0,3
349593,03/03/2008,Segunda,07:00:00,RN,101,99.9,NATAL,Falta de atenção,Colisão traseira,Sem Vítimas,Pleno dia,Decrescente,Ceu Claro,Dupla,Cruzamento,Urbano,2008,2,0,0,0,2,0,0,2
349620,02/03/2008,Domingo,20:20:00,RN,101,109.8,PARNAMIRIM,Falta de atenção,Colisão Transversal,Com Vítimas Feridas,Pleno dia,Crescente,Ceu Claro,Simples,Cruzamento,Rural,2008,4,0,2,0,2,0,2,2
349628,03/03/2008,Segunda,07:00:00,RN,101,84.6,SAO GONCALO DO AMARANTE,Falta de atenção,Colisão traseira,Sem Vítimas,Pleno dia,Crescente,Nublado,Dupla,Reta,Urbano,2008,2,0,0,0,2,0,0,2
349651,29/02/2008,Sexta,17:50:00,RN,226,5.4,MACAIBA,Animais na Pista,Atropelamento de animal,Com Vítimas Feridas,Anoitecer,Decrescente,Ceu Claro,Simples,Reta,Urbano,2008,1,0,1,0,0,0,1,1
349679,01/03/2008,Sábado,17:45:00,RN,101,98.9,NATAL,Falta de atenção,Colisão traseira,Sem Vítimas,Anoitecer,Crescente,Ceu Claro,Múltipla,Reta,Urbano,2008,2,0,0,0,2,0,0,2
349707,06/03/2008,Quinta,11:40:00,RN,101,82.7,NATAL,Falta de atenção,Colisão traseira,Sem Vítimas,Pleno dia,Decrescente,Ceu Claro,Dupla,Reta,Urbano,2008,2,0,0,0,2,0,0,2
349807,06/03/2008,Quinta,08:15:00,RN,110,47.5,MOSSORO,Outras,Colisão traseira,Sem Vítimas,Pleno dia,Decrescente,Ceu Claro,Simples,Reta,Urbano,2008,2,0,0,0,1,1,0,2
349810,04/03/2008,Terça,07:50:00,RN,101,107.3,PARNAMIRIM,Desobediência à sinalização,Colisão Transversal,Com Vítimas Feridas,Pleno dia,Crescente,Sol,Dupla,Reta,Urbano,2008,2,0,1,0,1,0,1,2
349820,06/03/2008,Quinta,09:40:00,RN,101,83.2,NATAL,Falta de atenção,Colisão traseira,Sem Vítimas,Pleno dia,Decrescente,Ceu Claro,Dupla,Reta,Urbano,2008,2,0,0,0,2,0,0,2
349840,06/03/2008,Quinta,18:50:00,RN,101,97,NATAL,Falta de atenção,Colisão traseira,Sem Vítimas,Anoitecer,Decrescente,Ceu Claro,Dupla,Reta,Urbano,2008,2,0,0,0,2,0,0,2
349910,06/03/2008,Quinta,15:00:00,RN,101,131.3,SAO JOSE DE MIPIBU,Falta de atenção,Colisão traseira,Sem Vítimas,Pleno dia,Crescente,Ceu Claro,Simples,Curva,Rural,2008,2,0,0,0,1,1,0,2
349986,03/03/2008,Segunda,18:50:00,RN,101,80.7,SAO GONCALO DO AMARANTE,Outras,Colisão lateral,Sem Vítimas,Plena noite,Crescente,Ceu Claro,Dupla,Reta,Urbano,2008,2,0,0,0,2,0,0,2
350001,27/02/2008,Quarta,11:05:00,RN,427,55.8,JARDIM DO SERIDO,Desobediência à sinalização,Colisão lateral,Com Vítimas Feridas,Pleno dia,Decrescente,Sol,Simples,Reta,Urbano,2008,2,0,0,1,1,0,1,2
350038,29/02/2008,Sexta,04:50:00,RN,101,80.1,NATAL,Animais na Pista,Atropelamento de animal,Sem Vítimas,Amanhecer,Crescente,Ceu Claro,Dupla,Reta,Urbano,2008,1,0,0,0,1,0,0,1
350057,07/03/2008,Sexta,10:05:00,RN,101,82.1,NATAL,Falta de atenção,Colisão lateral,Sem Vítimas,Pleno dia,Crescente,Sol,Dupla,Reta,Urbano,2008,3,0,0,0,3,0,0,3
350126,07/03/2008,Sexta,14:00:00,RN,101,97.4,NATAL,Falta de atenção,Colisão traseira,Com Vítimas Feridas,Pleno dia,Decrescente,Ceu Claro,Dupla,Reta,Urbano,2008,2,0,1,0,1,0,1,2
350267,07/03/2008,Sexta,14:30:00,RN,406,100.3,JOAO CAMARA,Falta de atenção,Colisão lateral,Sem Vítimas,Pleno dia,Decrescente,Sol,Simples,Reta,Rural,2008,2,0,0,0,2,0,0,2
350308,07/03/2008,Sexta,17:40:00,RN,226,158.2,CURRAIS NOVOS,Outras,Saída de Pista,Com Vítimas Feridas,Anoitecer,Crescente,Ceu Claro,Simples,Curva,Rural,2008,2,0,1,0,1,0,1,2
350390,08/03/2008,Sábado,11:00:00,RN,101,99.9,NATAL,Não guardar distância de segurança,Colisão traseira,Sem Vítimas,Pleno dia,Crescente,Chuva,Dupla,Reta,Urbano,2008,2,0,0,0,2,0,0,2
350426,29/02/2008,Sexta,13:40:00,RN,101,84.8,SAO GONCALO DO AMARANTE,Falta de atenção,Colisão traseira,Sem Vítimas,Pleno dia,Crescente,Sol,Dupla,Reta,Urbano,2008,2,0,0,0,2,0,0,2
350492,08/03/2008,Sábado,03:20:00,RN,101,99.9,NATAL,Falta de atenção,Colisão Transversal,Com Vítimas Feridas,Plena noite,Crescente,Ceu Claro,Dupla,Cruzamento,Urbano,2008,2,0,0,1,1,0,1,2
350564,07/03/2008,Sexta,16:00:00,RN,101,98,NATAL,Outras,Colisão lateral,Sem Vítimas,Pleno dia,Decrescente,Sol,Múltipla,Cruzamento,Urbano,2008,2,0,0,0,1,1,0,2
350587,08/03/2008,Sábado,18:50:00,RN,101,99.8,NATAL,Falta de atenção,Colisão traseira,Sem Vítimas,Plena noite,Crescente,Ceu Claro,Dupla,Cruzamento,Urbano,2008,2,0,0,0,2,0,0,2
350602,07/03/2008,Sexta,19:00:00,RN,101,137.2,ARES,Outras,Colisão traseira,Sem Vítimas,Plena noite,Decrescente,Ceu Claro,Simples,Curva,Rural,2008,2,0,0,0,2,0,0,2
350604,02/02/2008,Sábado,10:00:00,RN,304,149.8,ANGICOS,Dormindo,Capotamento,Com Vítimas Feridas,Pleno dia,Decrescente,Sol,Simples,Curva,Rural,2008,1,0,1,0,0,0,1,1
350605,08/03/2008,Sábado,17:40:00,RN,110,50,MOSSORO,Velocidade incompatível,Colisão Transversal,Com Vítimas Feridas,Anoitecer,Decrescente,Nublado,Múltipla,Reta,Urbano,2008,2,0,1,0,0,1,1,2
350619,08/03/2008,Sábado,12:30:00,RN,101,97.9,NATAL,Falta de atenção,Colisão traseira,Sem Vítimas,Pleno dia,Decrescente,Ceu Claro,Múltipla,Cruzamento,Urbano,2008,2,0,0,0,2,0,0,2
350652,08/03/2008,Sábado,21:40:00,RN,101,108.6,PARNAMIRIM,Outras,Colisão com bicicleta,Com Vítimas Feridas,Plena noite,Decrescente,Ceu Claro,Dupla,Reta,Urbano,2008,2,0,0,1,1,0,1,2
350673,08/03/2008,Sábado,23:45:00,RN,226,4.2,NATAL,Animais na Pista,Atropelamento de animal,Com Vítimas Feridas,Plena noite,Decrescente,Nublado,Simples,Reta,Urbano,2008,2,0,2,0,0,0,2,1
350681,08/03/2008,Sábado,16:45:00,RN,101,95.8,NATAL,Não guardar distância de segurança,Colisão traseira,Sem Vítimas,Pleno dia,Decrescente,Ceu Claro,Dupla,Reta,Urbano,2008,2,0,0,0,2,0,0,2
350801,06/03/2008,Quinta,10:30:00,RN,110,48.2,MOSSORO,Desobediência à sinalização,Colisão Transversal,Com Vítimas Feridas,Pleno dia,Decrescente,Ceu Claro,Dupla,Reta,Urbano,2008,3,0,2,1,0,0,3,2
350804,09/03/2008,Domingo,10:30:00,RN,101,66.5,CEARA-MIRIM,Falta de atenção,Colisão traseira,Sem Vítimas,Pleno dia,Decrescente,Ceu Claro,Simples,Cruzamento,Rural,2008,2,0,0,0,2,0,0,2
350828,05/03/2008,Quarta,18:45:00,RN,101,96,NATAL,Não guardar distância de segurança,Colisão traseira,Sem Vítimas,Plena noite,Decrescente,Ceu Claro,Dupla,Reta,Urbano,2008,4,0,0,0,4,0,0,4
350940,09/03/2008,Domingo,16:10:00,RN,101,82,SAO GONCALO DO AMARANTE,Falta de atenção,Colisão traseira,Sem Vítimas,Pleno dia,Crescente,Ceu Claro,Simples,Cruzamento,Urbano,2008,2,0,0,0,2,0,0,2
350964,09/03/2008,Domingo,19:50:00,RN,101,80.7,NATAL,Falta de atenção,Colisão Transversal,Sem Vítimas,Plena noite,Decrescente,Ceu Claro,Dupla,Cruzamento,Urbano,2008,2,0,0,0,2,0,0,2
351063,09/03/2008,Domingo,00:15:00,RN,405,189.5,MAJOR SALES,Outras,Colisão Transversal,Sem Vítimas,Plena noite,Decrescente,Ignorada,Simples,Reta,Rural,2008,2,0,0,0,2,0,0,2
351142,02/03/2008,Domingo,20:00:00,RN,101,103.3,PARNAMIRIM,Ingestão de álcool,Colisão traseira,Com Vítimas Feridas,Plena noite,Crescente,Ceu Claro,Dupla,Reta,Urbano,2008,3,0,1,0,1,1,1,3
351160,08/03/2008,Sábado,22:45:00,RN,101,71.3,EXTREMOZ,Outras,Colisão traseira,Com Vítimas Feridas,Plena noite,Crescente,Ceu Claro,Simples,Reta,Rural,2008,5,0,4,0,1,0,4,2
351266,06/03/2008,Quinta,20:45:00,RN,110,48.2,MOSSORO,Desobediência à sinalização,Colisão Transversal,Sem Vítimas,Plena noite,Decrescente,Ceu Claro,Dupla,Reta,Urbano,2008,2,0,0,0,2,0,0,2
351291,08/03/2008,Sábado,07:15:00,RN,226,196,SAO VICENTE,Falta de atenção,Colisão lateral,Com Vítimas Feridas,Pleno dia,Crescente,Sol,Simples,Curva,Rural,2008,2,0,1,0,1,0,1,2
351293,03/03/2008,Segunda,18:00:00,RN,101,99.9,NATAL,Falta de atenção,Colisão traseira,Sem Vítimas,Plena noite,Crescente,Ceu Claro,Dupla,Cruzamento,Urbano,2008,2,0,0,0,2,0,0,2
351312,07/03/2008,Sexta,10:15:00,RN,304,296.9,MACAIBA,Falta de atenção,Colisão traseira,Sem Vítimas,Pleno dia,Crescente,Ceu Claro,Simples,Reta,Urbano,2008,2,0,0,0,2,0,0,2
351434,28/02/2008,Quinta,18:40:00,RN,101,99.9,NATAL,Não guardar distância de segurança,Colisão lateral,Sem Vítimas,Plena noite,Decrescente,Ceu Claro,Múltipla,Reta,Urbano,2008,2,0,0,0,2,0,0,2
351503,07/03/2008,Sexta,08:15:00,RN,101,99.6,NATAL,Falta de atenção,Colisão traseira,Sem Vítimas,Pleno dia,Decrescente,Ceu Claro,Dupla,Reta,Urbano,2008,2,0,0,0,2,0,0,2
351518,07/03/2008,Sexta,18:55:00,RN,304,47.4,MOSSORO,Desobediência à sinalização,Colisão Transversal,Com Vítimas Feridas,Plena noite,Decrescente,Ceu Claro,Simples,Cruzamento,Urbano,2008,5,0,2,1,2,0,3,2
351552,11/03/2008,Terça,07:45:00,RN,304,293.9,MACAIBA,Falta de atenção,Colisão Transversal,Sem Vítimas,Pleno dia,Crescente,Sol,Simples,Reta,Rural,2008,2,0,0,0,2,0,0,2
351561,07/03/2008,Sexta,07:30:00,RN,101,99.9,PARNAMIRIM,Desobediência à sinalização,Colisão Transversal,Com Vítimas Feridas,Pleno dia,Decrescente,Ceu Claro,Dupla,Cruzamento,Urbano,2008,2,0,1,0,1,0,1,2
351570,07/03/2008,Sexta,22:45:00,RN,304,38,MOSSORO,Ingestão de álcool,Colisão Transversal,Sem Vítimas,Plena noite,Decrescente,Ceu Claro,Simples,Cruzamento,Urbano,2008,2,0,0,0,2,0,0,2
351626,08/03/2008,Sábado,09:50:00,RN,101,95.3,NATAL,Outras,Colisão com objeto fixo,Com Vítimas Feridas,Pleno dia,Decrescente,Sol,Simples,Curva,Urbano,2008,3,0,3,0,0,0,3,1
351668,11/03/2008,Terça,14:40:00,RN,101,81.5,SAO GONCALO DO AMARANTE,Outras,Colisão lateral,Sem Vítimas,Pleno dia,Crescente,Ceu Claro,Dupla,Reta,Rural,2008,2,0,0,0,2,0,0,2
351719,11/03/2008,Terça,15:30:00,RN,101,111.9,PARNAMIRIM,Falta de atenção,Colisão traseira,Sem Vítimas,Pleno dia,Decrescente,Ceu Claro,Simples,Reta,Rural,2008,2,0,0,0,2,0,0,2
351730,11/03/2008,Terça,22:30:00,RN,101,96,NATAL,Falta de atenção,Colisão traseira,Sem Vítimas,Plena noite,Crescente,Nublado,Simples,Cruzamento,Urbano,2008,2,0,0,0,2,0,0,2
351861,12/03/2008,Quarta,09:00:00,RN,101,94,NATAL,Falta de atenção,Colisão traseira,Sem Vítimas,Pleno dia,Decrescente,Ceu Claro,Dupla,Reta,Urbano,2008,2,0,0,0,2,0,0,2
351893,09/03/2008,Domingo,12:50:00,RN,304,39.6,MOSSORO,Desobediência à sinalização,Colisão Transversal,Sem Vítimas,Pleno dia,Crescente,Ceu Claro,Simples,Cruzamento,Urbano,2008,2,0,0,0,2,0,0,2
351944,08/03/2008,Sábado,19:00:00,RN,427,101.4,CAICO,Outras,Colisão lateral,Sem Vítimas,Plena noite,Crescente,Ceu Claro,Simples,Reta,Urbano,2008,2,0,0,0,2,0,0,2
351959,06/03/2008,Quinta,00:05:00,RN,304,92.6,ASSU,Animais na Pista,Atropelamento de animal,Sem Vítimas,Plena noite,Decrescente,Ceu Claro,Simples,Reta,Rural,2008,1,0,0,0,1,0,0,1
352032,12/03/2008,Quarta,15:40:00,RN,304,230,RIACHUELO,Falta de atenção,Colisão traseira,Sem Vítimas,Pleno dia,Decrescente,Chuva,Simples,Reta,Rural,2008,3,0,0,0,3,0,0,3
352037,08/03/2008,Sábado,08:30:00,RN,101,159.3,CANGUARETAMA,Não guardar distância de segurança,Capotamento,Sem Vítimas,Pleno dia,Crescente,Ceu Claro,Simples,Reta,Rural,2008,3,0,0,0,3,0,0,3
352073,08/03/2008,Sábado,10:40:00,RN,101,82.7,SAO GONCALO DO AMARANTE,Falta de atenção,Colisão traseira,Sem Vítimas,Pleno dia,Crescente,Ceu Claro,Dupla,Reta,Urbano,2008,2,0,0,0,2,0,0,2