id,data_inversa,dia_semana,horario,uf,br,km,municipio,causa_acidente,tipo_acidente,classificacao_acidente,fase_dia,sentido_via,condicao_metereologica,tipo_pista,tracado_via,uso_solo,ano,pessoas,mortos,feridos_leves,feridos_graves,ilesos,ignorados,feridos,veiculos
352075,12/03/2008,Quarta,18:30:00,RN,101,97.9,NATAL,Falta de atenção,Colisão lateral,Sem Vítimas,Plena noite,Crescente,Ceu Claro,Dupla,Reta,Urbano,2008,2,0,0,0,1,1,0,2
352108,09/03/2008,Domingo,06:10:00,RN,101,82.9,SAO GONCALO DO AMARANTE,Falta de atenção,Colisão traseira,Sem Vítimas,Amanhecer,Crescente,Ceu Claro,Dupla,Curva,Urbano,2008,2,0,0,0,1,1,0,2
352179,12/03/2008,Quarta,17:27:00,RN,101,81.6,SAO GONCALO DO AMARANTE,Falta de atenção,Atropelamento de pessoa,Com Vítimas Feridas,Anoitecer,Crescente,Ceu Claro,Dupla,Reta,Urbano,2008,2,0,1,0,1,0,1,1
352229,09/03/2008,Domingo,16:00:00,RN,406,130,TAIPU,Falta de atenção,Saída de Pista,Sem Vítimas,Pleno dia,Decrescente,Ceu Claro,Simples,Curva,Rural,2008,1,0,0,0,1,0,0,1
352232,04/03/2008,Terça,11:00:00,RN,101,101.8,PARNAMIRIM,Não guardar distância de segurança,Colisão traseira,Sem Vítimas,Pleno dia,Crescente,Ceu Claro,Dupla,Cruzamento,Urbano,2008,2,0,0,0,2,0,0,2
352246,13/03/2008,Quinta,08:15:00,RN,406,160.4,CEARA-MIRIM,Não guardar distância de segurança,Colisão traseira,Sem Vítimas,Pleno dia,Decrescente,Ceu Claro,Simples,Reta,Urbano,2008,2,0,0,0,2,0,0,2
352305,07/03/2008,Sexta,16:00:00,RN,304,171.1,FERNANDO PEDROZA,Ultrapassagem indevida,Colisão Transversal,Sem Vítimas,Pleno dia,Crescente,Sol,Simples,Reta,Rural,2008,2,0,0,0,2,0,0,2
352308,13/03/2008,Quinta,12:30:00,RN,406,152.1,CEARA-MIRIM,Falta de atenção,Colisão Transversal,Sem Vítimas,Pleno dia,Decrescente,Ceu Claro,Simples,Cruzamento,Urbano,2008,2,0,0,0,2,0,0,2
352309,09/03/2008,Domingo,12:00:00,RN,405,175,JOSE DA PENHA,Outras,Colisão com objeto fixo,Sem Vítimas,Pleno dia,Decrescente,Nublado,Simples,Reta,Urbano,2008,1,0,0,0,1,0,0,1
352336,13/03/2008,Quinta,09:40:00,RN,101,99.9,NATAL,Não guardar distância de segurança,Colisão traseira,Sem Vítimas,Pleno dia,Crescente,Nublado,Dupla,Reta,Urbano,2008,2,0,0,0,2,0,0,2
352404,13/03/2008,Quinta,14:30:00,RN,304,16.5,MOSSORO,Defeito mecânico em veículo,Saída de Pista,Sem Vítimas,Pleno dia,Decrescente,Ceu Claro,Simples,Reta,Rural,2008,1,0,0,0,1,0,0,1
352492,13/03/2008,Quinta,21:05:00,RN,101,96,NATAL,Não guardar distância de segurança,Colisão lateral,Sem Vítimas,Plena noite,Crescente,Ceu Claro,Múltipla,Reta,Urbano,2008,2,0,0,0,2,0,0,2
352500,13/03/2008,Quinta,17:30:00,RN,406,104.3,JOAO CAMARA,Falta de atenção,Colisão Transversal,Com Vítimas Feridas,Plena noite,Decrescente,Ceu Claro,Simples,Reta,Urbano,2008,2,0,1,0,1,0,1,2
352504,13/03/2008,Quinta,22:30:00,RN,101,125,SAO JOSE DE MIPIBU,Outras,Colisão Transversal,Com Vítimas Feridas,Plena noite,Decrescente,Nublado,Simples,Curva,Urbano,2008,2,0,1,0,1,0,1,2
352579,12/03/2008,Quarta,18:00:00,RN,304,44.3,MOSSORO,Animais na Pista,Atropelamento de animal,Com Vítimas Feridas,Plena noite,Decrescente,Ceu Claro,Simples,Reta,Rural,2008,1,0,0,1,0,0,1,1
352635,11/03/2008,Terça,19:00:00,RN,101,96.3,NATAL,Falta de atenção,Colisão traseira,Sem Vítimas,Plena noite,Crescente,Ceu Claro,Múltipla,Cruzamento,Urbano,2008,3,0,0,0,3,0,0,3
352826,06/03/2008,Quinta,15:45:00,RN,101,96.7,NATAL,Desobediência à sinalização,Colisão Transversal,Com Vítimas Feridas,Pleno dia,Crescente,Sol,Dupla,Reta,Urbano,2008,3,0,1,0,2,0,1,2
352900,07/03/2008,Sexta,03:00:00,RN,101,99.8,NATAL,Outras,Capotamento,Com Vítimas Feridas,Plena noite,Crescente,Chuva,Dupla,Reta,Urbano,2008,2,0,1,0,1,0,1,1
352917,14/03/2008,Sexta,15:16:00,RN,101,82.9,SAO GONCALO DO AMARANTE,Falta de atenção,Colisão lateral,Sem Vítimas,Pleno dia,Crescente,Ceu Claro,Dupla,Curva,Urbano,2008,2,0,0,0,2,0,0,2
352966,14/03/2008,Sexta,22:50:00,RN,304,121.9,ITAJA,Animais na Pista,Atropelamento de animal,Com Vítimas Feridas,Plena noite,Decrescente,Nublado,Simples,Reta,Rural,2008,1,0,0,1,0,0,1,1
352992,14/03/2008,Sexta,18:50:00,RN,101,82.9,NATAL,Outras,Colisão Transversal,Sem Vítimas,Plena noite,Decrescente,Ceu Claro,Dupla,Reta,Urbano,2008,2,0,0,0,2,0,0,2
353015,07/03/2008,Sexta,15:00:00,RN,101,124,SAO JOSE DE MIPIBU,Falta de atenção,Colisão Transversal,Sem Vítimas,Pleno dia,Crescente,Sol,Simples,Reta,Urbano,2008,2,0,0,0,2,0,0,2
353032,13/03/2008,Quinta,16:45:00,RN,101,98,NATAL,Não guardar distância de segurança,Colisão traseira,Sem Vítimas,Pleno dia,Crescente,Ceu Claro,Dupla,Reta,Urbano,2008,2,0,0,0,2,0,0,2
353050,09/03/2008,Domingo,00:15:00,RN,101,101.4,PARNAMIRIM,Falta de atenção,Colisão traseira,Sem Vítimas,Plena noite,Crescente,Ceu Claro,Múltipla,Reta,Urbano,2008,2,0,0,0,2,0,0,2
353053,13/03/2008,Quinta,08:00:00,RN,101,137,ARES,Defeito na via,Derramamento de Carga,Sem Vítimas,Pleno dia,Decrescente,Chuva,Simples,Curva,Rural,2008,1,0,0,0,1,0,0,1
353065,13/03/2008,Quinta,22:00:00,RN,101,148.7,GOIANINHA,Falta de atenção,Colisão frontal,Com Vítimas Feridas,Plena noite,Crescente,Nublado,Simples,Curva,Rural,2008,2,0,1,0,0,1,1,2
353123,15/03/2008,Sábado,02:00:00,RN,226,215.7,FLORANIA,Dormindo,Tombamento,Com Vítimas Feridas,Plena noite,Decrescente,Ignorada,Simples,Reta,Rural,2008,2,0,1,1,0,0,2,1
353240,14/03/2008,Sexta,05:20:00,RN,304,201.1,LAJES,Outras,Tombamento,Com Vítimas Feridas,Plena noite,Crescente,Ceu Claro,Simples,Reta,Rural,2008,1,0,1,0,0,0,1,1
353287,15/03/2008,Sábado,16:20:00,RN,101,104,PARNAMIRIM,Outras,Colisão lateral,Sem Vítimas,Pleno dia,Crescente,Ceu Claro,Dupla,Reta,Urbano,2008,2,0,0,0,2,0,0,2
353292,15/03/2008,Sábado,20:35:00,RN,101,97.9,NATAL,Outras,Colisão traseira,Sem Vítimas,Plena noite,Crescente,Ceu Claro,Dupla,Reta,Urbano,2008,2,0,0,0,2,0,0,2
353326,14/03/2008,Sexta,14:45:00,RN,304,297,MACAIBA,Falta de atenção,Colisão traseira,Com Vítimas Feridas,Pleno dia,Decrescente,Sol,Simples,Reta,Urbano,2008,2,0,0,1,1,0,1,2
353390,15/03/2008,Sábado,13:10:00,RN,101,107.3,PARNAMIRIM,Desobediência à sinalização,Colisão Transversal,Com Vítimas Feridas,Pleno dia,Crescente,Ceu Claro,Dupla,Cruzamento,Urbano,2008,2,0,1,0,0,1,1,2
353464,16/03/2008,Domingo,08:00:00,RN,101,81,NATAL,Outras,Colisão traseira,Sem Vítimas,Pleno dia,Decrescente,Ceu Claro,Simples,Reta,Urbano,2008,2,0,0,0,2,0,0,2
353507,11/03/2008,Terça,17:45:00,RN,405,0.6,MOSSORO,Outras,Colisão traseira,Sem Vítimas,Pleno dia,Crescente,Ceu Claro,Dupla,Reta,Urbano,2008,2,0,0,0,2,0,0,2
353605,12/03/2008,Quarta,15:00:00,RN,101,82.2,SAO GONCALO DO AMARANTE,Outras,Colisão com objeto fixo,Sem Vítimas,Pleno dia,Crescente,Ceu Claro,Dupla,Reta,Urbano,2008,1,0,0,0,1,0,0,1
353658,12/03/2008,Quarta,18:15:00,RN,101,112.9,SAO JOSE DE MIPIBU,Outras,Colisão com objeto fixo,Com Vítimas Feridas,Plena noite,Decrescente,Ceu Claro,Dupla,Reta,Urbano,2008,1,0,0,1,0,0,1,1
353699,16/03/2008,Domingo,06:40:00,RN,427,19.2,ACARI,Outras,Saída de Pista,Sem Vítimas,Pleno dia,Crescente,Ceu Claro,Simples,Reta,Rural,2008,1,0,0,0,1,0,0,1
353842,11/03/2008,Terça,22:11:00,RN,304,180.5,LAJES,Ultrapassagem indevida,Tombamento,Com Vítimas Feridas,Plena noite,Decrescente,Ceu Claro,Simples,Reta,Rural,2008,3,0,1,0,2,0,1,2
353866,06/02/2008,Quarta,07:10:00,RN,101,168,CANGUARETAMA,Ultrapassagem indevida,Colisão com bicicleta,Com Vítimas Fatais,Pleno dia,Crescente,Sol,Simples,Reta,Rural,2008,4,1,0,0,2,1,0,4
353913,14/03/2008,Sexta,01:30:00,RN,101,94,NATAL,Outras,Colisão lateral,Sem Vítimas,Amanhecer,Crescente,Ceu Claro,Dupla,Reta,Urbano,2008,2,0,0,0,2,0,0,2
353942,17/03/2008,Segunda,08:45:00,RN,101,100.5,PARNAMIRIM,Defeito mecânico em veículo,Colisão com objeto móvel,Sem Vítimas,Pleno dia,Decrescente,Ceu Claro,Dupla,Curva,Urbano,2008,3,0,0,0,3,0,0,3
354006,17/03/2008,Segunda,14:10:00,RN,101,100.2,NATAL,Não guardar distância de segurança,Colisão traseira,Sem Vítimas,Pleno dia,Crescente,Sol,Dupla,Reta,Urbano,2008,4,0,0,0,3,1,0,4
354061,17/03/2008,Segunda,16:00:00,RN,101,98.7,NATAL,Não guardar distância de segurança,Colisão traseira,Sem Vítimas,Pleno dia,Crescente,Ceu Claro,Dupla,Reta,Urbano,2008,2,0,0,0,2,0,0,2
354256,16/03/2008,Domingo,19:00:00,RN,304,53,MOSSORO,Animais na Pista,Atropelamento de animal,Sem Vítimas,Plena noite,Decrescente,Nublado,Simples,Reta,Rural,2008,1,0,0,0,1,0,0,1
354300,06/03/2008,Quinta,11:50:00,RN,427,91.8,CAICO,Defeito mecânico em veículo,Saída de Pista,Sem Vítimas,Pleno dia,Decrescente,Ceu Claro,Simples,Curva,Rural,2008,1,0,0,0,1,0,0,1
354315,15/03/2008,Sábado,11:20:00,RN,101,104.7,PARNAMIRIM,Falta de atenção,Atropelamento de pessoa,Com Vítimas Feridas,Pleno dia,Decrescente,Sol,Dupla,Reta,Urbano,2008,2,0,1,0,0,1,1,1
354404,18/03/2008,Terça,11:22:00,RN,226,4.2,NATAL,Outras,Colisão Transversal,Com Vítimas Feridas,Pleno dia,Crescente,Ceu Claro,Simples,Reta,Urbano,2008,2,0,1,0,1,0,1,2
354444,18/03/2008,Terça,09:40:00,RN,304,27.7,MOSSORO,Outras,Colisão lateral,Com Vítimas Feridas,Pleno dia,Crescente,Ceu Claro,Simples,Reta,Rural,2008,5,0,2,0,1,2,2,5
354625,18/03/2008,Terça,19:30:00,RN,101,84.2,NATAL,Falta de atenção,Colisão traseira,Sem Vítimas,Pleno dia,Decrescente,Nublado,Dupla,Reta,Urbano,2008,2,0,0,0,2,0,0,2
354627,14/03/2008,Sexta,09:20:00,RN,101,150,GOIANINHA,Falta de atenção,Colisão Transversal,Com Vítimas Feridas,Pleno dia,Decrescente,Sol,Simples,Reta,Urbano,2008,3,0,2,0,0,1,2,2
354633,18/03/2008,Terça,11:45:00,RN,101,97.8,NATAL,Falta de atenção,Colisão traseira,Sem Vítimas,Pleno dia,Decrescente,Nublado,Múltipla,Reta,Urbano,2008,2,0,0,0,2,0,0,2
354641,07/02/2008,Quinta,18:30:00,RN,101,96.6,NATAL,Falta de atenção,Colisão traseira,Sem Vítimas,Plena noite,Crescente,Ceu Claro,Dupla,Curva,Urbano,2008,3,0,0,0,3,0,0,3
354704,15/03/2008,Sábado,18:30:00,RN,406,95.4,JOAO CAMARA,Outras,Colisão frontal,Com Vítimas Fatais,Plena noite,Crescente,Ceu Claro,Simples,Reta,Rural,2008,6,1,4,1,0,0,5,2
354762,15/03/2008,Sábado,23:20:00,RN,101,83.1,NATAL,Velocidade incompatível,Colisão com objeto fixo,Ignorado,Plena noite,Decrescente,Ceu Claro,Dupla,Reta,Urbano,2008,1,0,0,0,0,1,0,1
354796,17/03/2008,Segunda,17:10:00,RN,101,103,NATAL,Falta de atenção,Colisão Transversal,Sem Vítimas,Pleno dia,Crescente,Ceu Claro,Dupla,Cruzamento,Urbano,2008,2,0,0,0,1,1,0,2
354808,19/03/2008,Quarta,10:05:00,RN,304,263.7,SAO PEDRO,Defeito mecânico em veículo,Saída de Pista,Com Vítimas Feridas,Pleno dia,Crescente,Sol,Simples,Reta,Rural,2008,4,0,3,0,1,0,3,1
354833,19/03/2008,Quarta,09:50:00,RN,101,95.3,NATAL,Não guardar distância de segurança,Colisão lateral,Sem Vítimas,Pleno dia,Crescente,Ceu Claro,Múltipla,Reta,Urbano,2008,2,0,0,0,2,0,0,2
354835,03/03/2008,Segunda,12:30:00,RN,304,25,MOSSORO,Falta de atenção,Saída de Pista,Sem Vítimas,Pleno dia,Decrescente,Chuva,Simples,Curva,Rural,2008,1,0,0,0,1,0,0,1
354840,19/03/2008,Quarta,11:00:00,RN,101,101.8,PARNAMIRIM,Falta de atenção,Colisão lateral,Sem Vítimas,Pleno dia,Decrescente,Ceu Claro,Dupla,Cruzamento,Urbano,2008,2,0,0,0,2,0,0,2
354932,19/03/2008,Quarta,18:15:00,RN,304,95.6,ASSU,Animais na Pista,Atropelamento de animal,Sem Vítimas,Plena noite,Decrescente,Nublado,Simples,Reta,Rural,2008,1,0,0,0,1,0,0,1
354937,19/03/2008,Quarta,18:20:00,RN,406,148.1,CEARA-MIRIM,Ultrapassagem indevida,Colisão lateral,Com Vítimas Feridas,Plena noite,Decrescente,Ceu Claro,Simples,Reta,Rural,2008,5,0,3,1,0,1,4,2
354960,16/03/2008,Domingo,03:50:00,RN,101,101.8,PARNAMIRIM,Desobediência à sinalização,Colisão Transversal,Sem Vítimas,Plena noite,Decrescente,Ceu Claro,Dupla,Cruzamento,Urbano,2008,2,0,0,0,2,0,0,2
354983,19/03/2008,Quarta,10:14:00,RN,101,107,PARNAMIRIM,Falta de atenção,Colisão traseira,Sem Vítimas,Pleno dia,Crescente,Sol,Dupla,Cruzamento,Urbano,2008,2,0,0,0,2,0,0,2
355087,19/03/2008,Quarta,12:10:00,RN,405,0.5,MOSSORO,Falta de atenção,Colisão lateral,Com Vítimas Feridas,Pleno dia,Crescente,Ceu Claro,Dupla,Reta,Urbano,2008,2,0,1,0,0,1,1,2
355108,20/03/2008,Quinta,04:45:00,RN,101,99.9,NATAL,Desobediência à sinalização,Colisão Transversal,Sem Vítimas,Plena noite,Decrescente,Nublado,Dupla,Cruzamento,Urbano,2008,2,0,0,0,2,0,0,2
355111,18/03/2008,Terça,00:40:00,RN,304,134,ANGICOS,Animais na Pista,Atropelamento de animal,Com Vítimas Feridas,Plena noite,Decrescente,Ceu Claro,Simples,Reta,Rural,2008,2,0,2,0,0,0,2,1
355201,17/03/2008,Segunda,00:30:00,RN,101,106.9,PARNAMIRIM,Ingestão de álcool,Colisão com objeto fixo,Com Vítimas Feridas,Plena noite,Decrescente,Ceu Claro,Dupla,Reta,Urbano,2008,3,0,0,3,0,0,3,1
355230,19/03/2008,Quarta,18:45:00,RN,101,95.3,NATAL,Falta de atenção,Colisão traseira,Sem Vítimas,Plena noite,Crescente,Ceu Claro,Múltipla,Cruzamento,Urbano,2008,2,0,0,0,2,0,0,2
355815,20/03/2008,Quinta,10:40:00,RN,406,168,NATAL,Falta de atenção,Colisão Transversal,Sem Vítimas,Pleno dia,Crescente,Nublado,Simples,Reta,Urbano,2008,2,0,0,0,2,0,0,2
356093,17/03/2008,Segunda,19:30:00,RN,101,21,RIO DO FOGO,Outras,Colisão traseira,Com Vítimas Feridas,Plena noite,Decrescente,Ceu Claro,Simples,Reta,Rural,2008,2,0,0,1,1,0,1,2
356097,22/03/2008,Sábado,20:20:00,RN,101,148.4,GOIANINHA,Desobediência à sinalização,Colisão Transversal,Com Vítimas Feridas,Plena noite,Crescente,Nublado,Simples,Cruzamento,Urbano,2008,2,0,1,0,1,0,1,2
356100,23/03/2008,Domingo,01:40:00,RN,101,84.6,NATAL,Ingestão de álcool,Colisão lateral,Sem Vítimas,Plena noite,Decrescente,Nublado,Dupla,Reta,Urbano,2008,2,0,0,0,2,0,0,2
356189,20/03/2008,Quinta,18:40:00,RN,110,49.2,MOSSORO,Outras,Atropelamento de pessoa,Com Vítimas Feridas,Plena noite,Decrescente,Nublado,Dupla,Reta,Urbano,2008,2,0,2,0,0,0,2,1
356218,21/03/2008,Sexta,20:50:00,RN,101,112.6,SAO JOSE DE MIPIBU,Falta de atenção,Saída de Pista,Com Vítimas Feridas,Plena noite,Crescente,Nublado,Simples,Reta,Rural,2008,1,0,1,0,0,0,1,1
356415,20/03/2008,Quinta,20:00:00,RN,304,67.5,MOSSORO,Animais na Pista,Atropelamento de animal,Sem Vítimas,Plena noite,Crescente,Nublado,Simples,Reta,Rural,2008,2,0,0,0,2,0,0,1
356423,23/03/2008,Domingo,17:35:00,RN,101,107.2,PARNAMIRIM,Falta de atenção,Colisão traseira,Sem Vítimas,Anoitecer,Decrescente,Ceu Claro,Dupla,Reta,Urbano,2008,2,0,0,0,2,0,0,2
356472,22/03/2008,Sábado,01:20:00,RN,101,100.7,PARNAMIRIM,Outras,Capotamento,Sem Vítimas,Plena noite,Crescente,Chuva,Dupla,Curva,Urbano,2008,1,0,0,0,1,0,0,1
356578,16/03/2008,Domingo,18:20:00,RN,304,296.9,MACAIBA,Ultrapassagem indevida,Atropelamento de pessoa,Com Vítimas Feridas,Pleno dia,Decrescente,Ceu Claro,Simples,Reta,Urbano,2008,2,0,1,0,0,1,1,1
356606,21/03/2008,Sexta,10:15:00,RN,101,100,PARNAMIRIM,Outras,Colisão lateral,Sem Vítimas,Pleno dia,Crescente,Chuva,Dupla,Curva,Rural,2008,3,0,0,0,3,0,0,3
356615,20/03/2008,Quinta,12:00:00,RN,226,2.7,NATAL,Ultrapassagem indevida,Colisão Transversal,Sem Vítimas,Pleno dia,Decrescente,Ceu Claro,Simples,Reta,Urbano,2008,2,0,0,0,2,0,0,2
356641,20/03/2008,Quinta,18:55:00,RN,101,104.9,PARNAMIRIM,Outras,Colisão lateral,Sem Vítimas,Plena noite,Decrescente,Nublado,Dupla,Cruzamento,Urbano,2008,2,0,0,0,2,0,0,2
356697,17/03/2008,Segunda,07:39:00,RN,101,107.1,PARNAMIRIM,Não guardar distância de segurança,Colisão traseira,Sem Vítimas,Pleno dia,Decrescente,Ceu Claro,Dupla,Reta,Urbano,2008,2,0,0,0,2,0,0,2
356711,20/03/2008,Quinta,18:10:00,RN,101,103.2,PARNAMIRIM,Falta de atenção,Atropelamento de pessoa,Com Vítimas Fatais,Plena noite,Crescente,Ceu Claro,Dupla,Reta,Urbano,2008,2,1,0,1,0,0,1,1
356716,20/03/2008,Quinta,19:30:00,RN,101,72.5,EXTREMOZ,Falta de atenção,Colisão Transversal,Com Vítimas Feridas,Plena noite,Crescente,Ceu Claro,Simples,Reta,Rural,2008,2,0,2,0,0,0,2,2
356719,20/03/2008,Quinta,18:00:00,RN,110,48.1,MOSSORO,Outras,Colisão com bicicleta,Com Vítimas Feridas,Anoitecer,Crescente,Ceu Claro,Simples,Reta,Urbano,2008,2,0,1,0,1,0,1,2
356746,20/03/2008,Quinta,08:40:00,RN,427,21.8,ACARI,Outras,Colisão frontal,Com Vítimas Fatais,Pleno dia,Crescente,Chuva,Simples,Reta,Rural,2008,5,3,1,1,0,0,2,2
356762,22/03/2008,Sábado,16:20:00,RN,226,4,NATAL,Outras,Atropelamento de pessoa,Com Vítimas Feridas,Pleno dia,Decrescente,Ceu Claro,Simples,Reta,Urbano,2008,2,0,1,0,1,0,1,1
356782,22/03/2008,Sábado,18:00:00,RN,226,137.2,CAMPO REDONDO,Não guardar distância de segurança,Colisão traseira,Com Vítimas Feridas,Plena noite,Decrescente,Chuva,Simples,Reta,Rural,2008,3,0,2,0,1,0,2,2
356799,21/03/2008,Sexta,03:10:00,RN,304,35.8,MOSSORO,Desobediência à sinalização,Colisão Transversal,Com Vítimas Fatais,Plena noite,Crescente,Ceu Claro,Simples,Reta,Urbano,2008,3,1,0,1,0,1,1,2
356820,22/03/2008,Sábado,10:30:00,RN,101,84.2,NATAL,Falta de atenção,Colisão traseira,Sem Vítimas,Pleno dia,Decrescente,Ceu Claro,Dupla,Reta,Urbano,2008,2,0,0,0,2,0,0,2
356827,22/03/2008,Sábado,08:20:00,RN,101,139.4,ARES,Outras,Capotamento,Com Vítimas Feridas,Pleno dia,Crescente,Nublado,Simples,Reta,Rural,2008,1,0,1,0,0,0,1,1
356900,20/03/2008,Quinta,15:40:00,RN,101,95.1,NATAL,Outras,Colisão Transversal,Sem Vítimas,Pleno dia,Crescente,Sol,Múltipla,Cruzamento,Urbano,2008,2,0,0,0,2,0,0,2
356984,20/03/2008,Quinta,21:00:00,RN,101,97.9,NATAL,Não guardar distância de segurança,Colisão traseira,Sem Vítimas,Plena noite,Decrescente,Ceu Claro,Múltipla,Cruzamento,Urbano,2008,3,0,0,0,3,0,0,3
357015,20/03/2008,Quinta,04:20:00,RN,304,138.2,ANGICOS,Defeito mecânico em veículo,Saída de Pista,Sem Vítimas,Plena noite,Decrescente,Nublado,Simples,Reta,Rural,2008,1,0,0,0,1,0,0,1
357049,25/03/2008,Terça,01:45:00,RN,304,180.8,ANGICOS,Falta de atenção,Capotamento,Com Vítimas Feridas,Plena noite,Decrescente,Nublado,Simples,Curva,Rural,2008,5,0,4,1,0,0,5,1
357120,22/03/2008,Sábado,02:00:00,RN,101,98,NATAL,Outras,Colisão com objeto fixo,Sem Vítimas,Plena noite,Crescente,Chuva,Dupla,Reta,Urbano,2008,1,0,0,0,1,0,0,1
357126,20/03/2008,Quinta,10:30:00,RN,101,83.2,NATAL,Não guardar distância de segurança,Colisão traseira,Sem Vítimas,Pleno dia,Decrescente,Nublado,Dupla,Reta,Urbano,2008,2,0,0,0,2,0,0,2
357135,23/03/2008,Domingo,17:20:00,RN,304,290.2,MACAIBA,Não guardar distância de segurança,Colisão traseira,Sem Vítimas,Anoitecer,Crescente,Nublado,Simples,Reta,Rural,2008,4,0,0,0,4,0,0,4
357140,23/03/2008,Domingo,18:30:00,RN,304,33,MOSSORO,Ingestão de álcool,Colisão frontal,Com Vítimas Feridas,Plena noite,Decrescente,Ceu Claro,Dupla,Reta,Urbano,2008,2,0,1,0,1,0,1,2
357217,18/03/2008,Terça,09:00:00,RN,304,249.1,SAO PAULO DO POTENGI,Falta de atenção,Colisão traseira,Sem Vítimas,Pleno dia,Decrescente,Ceu Claro,Simples,Cruzamento,Rural,2008,2,0,0,0,2,0,0,2
357273,25/03/2008,Terça,09:55:00,RN,110,48.5,MOSSORO,Falta de atenção,Colisão lateral,Sem Vítimas,Pleno dia,Crescente,Ceu Claro,Dupla,Cruzamento,Urbano,2008,2,0,0,0,2,0,0,2
357275,23/03/2008,Domingo,17:20:00,RN,406,158.8,CEARA-MIRIM,Falta de atenção,Colisão lateral,Sem Vítimas,Pleno dia,Crescente,Sol,Simples,Reta,Rural,2008,2,0,0,0,2,0,0,2
357340,23/03/2008,Domingo,16:30:00,RN,101,160.8,CANGUARETAMA,Falta de atenção,Colisão traseira,Sem Vítimas,Pleno dia,Decrescente,Ceu Claro,Simples,Reta,Urbano,2008,2,0,0,0,2,0,0,2
357408,25/03/2008,Terça,14:50:00,RN,101,96.9,NATAL,Não guardar distância de segurança,Colisão traseira,Sem Vítimas,Plena noite,Decrescente,Nublado,Dupla,Reta,Urbano,2008,2,0,0,0,2,0,0,2
357465,25/03/2008,Terça,09:40:00,RN,101,95.9,NATAL,Falta de atenção,Colisão lateral,Com Vítimas Feridas,Pleno dia,Decrescente,Ceu Claro,Simples,Reta,Urbano,2008,2,0,1,0,1,0,1,2
357480,21/03/2008,Sexta,20:20:00,RN,304,142.5,ANGICOS,Animais na Pista,Atropelamento de animal,Sem Vítimas,Plena noite,Decrescente,Ceu Claro,Simples,Reta,Rural,2008,1,0,0,0,1,0,0,1
357505,17/03/2008,Segunda,14:30:00,RN,304,37,MOSSORO,Outras,Colisão Transversal,Sem Vítimas,Pleno dia,Decrescente,Ceu Claro,Simples,Reta,Urbano,2008,2,0,0,0,2,0,0,2
357571,16/03/2008,Domingo,18:00:00,RN,101,94.5,NATAL,Outras,Colisão traseira,Sem Vítimas,Anoitecer,Crescente,Ceu Claro,Dupla,Cruzamento,Urbano,2008,2,0,0,0,2,0,0,2
357574,22/03/2008,Sábado,09:00:00,RN,101,83.3,NATAL,Falta de atenção,Colisão traseira,Sem Vítimas,Pleno dia,Decrescente,Chuva,Dupla,Reta,Urbano,2008,2,0,0,0,2,0,0,2
357749,25/03/2008,Terça,08:30:00,RN,110,47.6,MOSSORO,Outras,Colisão Transversal,Com Vítimas Feridas,Pleno dia,Crescente,Ceu Claro,Simples,Cruzamento,Urbano,2008,2,0,1,0,1,0,1,2
357755,26/03/2008,Quarta,15:00:00,RN,304,211.5,CAICARA DO RIO DO VENTO,Não guardar distância de segurança,Colisão traseira,Sem Vítimas,Pleno dia,Decrescente,Chuva,Simples,Reta,Rural,2008,2,0,0,0,2,0,0,2
357827,06/03/2008,Quinta,22:17:00,RN,101,96.9,NATAL,Falta de atenção,Colisão lateral,Com Vítimas Feridas,Plena noite,Crescente,Ceu Claro,Dupla,Reta,Urbano,2008,2,0,0,1,1,0,1,2
357844,26/03/2008,Quarta,14:20:00,RN,304,97.6,ASSU,Animais na Pista,Atropelamento de animal,Sem Vítimas,Pleno dia,Crescente,Nublado,Simples,Reta,Rural,2008,1,0,0,0,1,0,0,1
357886,26/03/2008,Quarta,13:50:00,RN,304,305.9,MACAIBA,Outras,Saída de Pista,Com Vítimas Feridas,Pleno dia,Crescente,Chuva,Dupla,Reta,Rural,2008,2,0,1,0,0,1,1,2
357950,20/03/2008,Quinta,04:30:00,RN,101,107.7,PARNAMIRIM,Falta de atenção,Colisão Transversal,Sem Vítimas,Plena noite,Crescente,Chuva,Dupla,Cruzamento,Urbano,2008,2,0,0,0,1,1,0,2