id,data_inversa,dia_semana,horario,uf,br,km,municipio,causa_acidente,tipo_acidente,classificacao_acidente,fase_dia,sentido_via,condicao_metereologica,tipo_pista,tracado_via,uso_solo,ano,pessoas,mortos,feridos_leves,feridos_graves,ilesos,ignorados,feridos,veiculos
366734,17/04/2008,Quinta,14:10:00,RN,101,96.9,NATAL,Falta de atenção,Colisão traseira,Sem Vítimas,Pleno dia,Crescente,Ceu Claro,Múltipla,Cruzamento,Urbano,2008,2,0,0,0,1,1,0,2
366771,17/04/2008,Quinta,19:00:00,RN,406,101.5,JOAO CAMARA,Animais na Pista,Capotamento,Sem Vítimas,Plena noite,Decrescente,Ceu Claro,Simples,Reta,Rural,2008,2,0,0,0,2,0,0,1
366808,17/04/2008,Quinta,12:30:00,RN,101,84.9,SAO GONCALO DO AMARANTE,Outras,Colisão traseira,Sem Vítimas,Pleno dia,Crescente,Sol,Dupla,Reta,Urbano,2008,2,0,0,0,2,0,0,2
366821,17/04/2008,Quinta,18:10:00,RN,101,96.9,NATAL,Não guardar distância de segurança,Colisão traseira,Sem Vítimas,Plena noite,Crescente,Nublado,Múltipla,Reta,Urbano,2008,2,0,0,0,2,0,0,2
366822,17/04/2008,Quinta,19:40:00,RN,304,38.4,MOSSORO,Falta de atenção,Colisão Transversal,Com Vítimas Feridas,Plena noite,Decrescente,Nublado,Simples,Reta,Urbano,2008,3,0,1,0,2,0,1,2
366896,16/04/2008,Quarta,07:00:00,RN,101,108.5,PARNAMIRIM,Não guardar distância de segurança,Colisão lateral,Sem Vítimas,Pleno dia,Decrescente,Nublado,Dupla,Cruzamento,Urbano,2008,2,0,0,0,2,0,0,2
366904,08/04/2008,Terça,10:30:00,RN,406,126,POCO BRANCO,Não guardar distância de segurança,Colisão traseira,Sem Vítimas,Pleno dia,Decrescente,Ceu Claro,Simples,Reta,Rural,2008,2,0,0,0,2,0,0,2
366990,15/04/2008,Terça,11:30:00,RN,101,94.2,NATAL,Falta de atenção,Colisão traseira,Sem Vítimas,Pleno dia,Decrescente,Ceu Claro,Dupla,Reta,Urbano,2008,2,0,0,0,2,0,0,2
367104,15/04/2008,Terça,19:50:00,RN,101,100.3,PARNAMIRIM,Falta de atenção,Colisão traseira,Sem Vítimas,Plena noite,Crescente,Ceu Claro,Dupla,Reta,Urbano,2008,3,0,0,0,2,1,0,3
367185,18/04/2008,Sexta,20:32:00,RN,101,95.1,NATAL,Falta de atenção,Colisão lateral,Com Vítimas Feridas,Plena noite,Crescente,Nublado,Dupla,Curva,Urbano,2008,2,0,1,0,1,0,1,2
367227,14/04/2008,Segunda,08:40:00,RN,101,97.1,NATAL,Não guardar distância de segurança,Colisão traseira,Sem Vítimas,Pleno dia,Decrescente,Sol,Dupla,Reta,Urbano,2008,3,0,0,0,3,0,0,3
367254,18/04/2008,Sexta,12:40:00,RN,226,0.6,NATAL,Falta de atenção,Colisão Transversal,Com Vítimas Feridas,Pleno dia,Crescente,Sol,Simples,Cruzamento,Urbano,2008,3,0,2,0,0,1,2,2
367319,18/04/2008,Sexta,14:30:00,RN,406,22.6,MACAU,Outras,Saída de Pista,Sem Vítimas,Pleno dia,Crescente,Ceu Claro,Simples,Cruzamento,Rural,2008,1,0,0,0,1,0,0,1
367327,17/04/2008,Quinta,13:20:00,RN,110,49.4,MOSSORO,Falta de atenção,Colisão lateral,Com Vítimas Feridas,Pleno dia,Decrescente,Sol,Dupla,Reta,Urbano,2008,3,0,2,0,1,0,2,2
367372,14/04/2008,Segunda,21:00:00,RN,304,158.6,FERNANDO PEDROZA,Outras,Atropelamento de pessoa,Com Vítimas Fatais,Plena noite,Decrescente,Nublado,Simples,Reta,Urbano,2008,2,1,0,0,1,0,0,1
367377,16/04/2008,Quarta,06:00:00,RN,304,243.5,RIACHUELO,Falta de atenção,Colisão com bicicleta,Com Vítimas Fatais,Pleno dia,Decrescente,Nublado,Simples,Reta,Rural,2008,3,1,0,0,1,1,0,3
367507,14/04/2008,Segunda,06:50:00,RN,101,82.5,SAO GONCALO DO AMARANTE,Falta de atenção,Colisão traseira,Sem Vítimas,Pleno dia,Crescente,Sol,Dupla,Reta,Urbano,2008,2,0,0,0,2,0,0,2
367586,17/04/2008,Quinta,06:00:00,RN,304,118.9,MOSSORO,Desobediência à sinalização,Colisão Transversal,Sem Vítimas,Pleno dia,Crescente,Ceu Claro,Simples,Reta,Rural,2008,2,0,0,0,2,0,0,2
367628,15/04/2008,Terça,19:50:00,RN,101,100.2,NATAL,Falta de atenção,Colisão traseira,Sem Vítimas,Plena noite,Crescente,Ceu Claro,Múltipla,Reta,Urbano,2008,3,0,0,0,2,1,0,3
367630,16/04/2008,Quarta,10:50:00,RN,304,43,MOSSORO,Desobediência à sinalização,Colisão Transversal,Sem Vítimas,Pleno dia,Crescente,Ceu Claro,Simples,Reta,Rural,2008,2,0,0,0,1,1,0,2
367647,16/04/2008,Quarta,00:30:00,RN,101,99.9,NATAL,Não guardar distância de segurança,Colisão traseira,Sem Vítimas,Plena noite,Crescente,Nublado,Dupla,Cruzamento,Urbano,2008,2,0,0,0,2,0,0,2
367686,20/04/2008,Domingo,02:55:00,RN,304,36.1,MOSSORO,Falta de atenção,Colisão Transversal,Sem Vítimas,Plena noite,Crescente,Nevoeiro/neblina,Simples,Cruzamento,Rural,2008,2,0,0,0,1,1,0,2
367826,20/04/2008,Domingo,10:50:00,RN,101,82.9,SAO GONCALO DO AMARANTE,Não guardar distância de segurança,Colisão traseira,Sem Vítimas,Pleno dia,Crescente,Ceu Claro,Dupla,Curva,Urbano,2008,2,0,0,0,2,0,0,2
367872,18/04/2008,Sexta,05:30:00,RN,226,72.2,TANGARA,Animais na Pista,Atropelamento de animal,Sem Vítimas,Amanhecer,Decrescente,Nublado,Simples,Reta,Rural,2008,1,0,0,0,1,0,0,1
367975,20/04/2008,Domingo,13:30:00,RN,304,43.5,MOSSORO,Falta de atenção,Saída de Pista,Sem Vítimas,Pleno dia,Decrescente,Ceu Claro,Simples,Reta,Rural,2008,1,0,0,0,1,0,0,1
367981,20/04/2008,Domingo,12:00:00,RN,101,94.6,NATAL,Outras,Colisão traseira,Sem Vítimas,Pleno dia,Decrescente,Ceu Claro,Dupla,Reta,Urbano,2008,2,0,0,0,2,0,0,2
367989,20/04/2008,Domingo,15:40:00,RN,101,97.7,NATAL,Outras,Colisão Transversal,Sem Vítimas,Pleno dia,Crescente,Sol,Dupla,Cruzamento,Urbano,2008,2,0,0,0,2,0,0,2
368021,20/04/2008,Domingo,18:30:00,RN,226,2.3,NATAL,Outras,Atropelamento de pessoa,Com Vítimas Feridas,Plena noite,Crescente,Ceu Claro,Simples,Reta,Urbano,2008,2,0,1,0,1,0,1,1
368267,21/04/2008,Segunda,11:20:00,RN,101,81.1,NATAL,Falta de atenção,Colisão traseira,Sem Vítimas,Pleno dia,Decrescente,Nublado,Dupla,Reta,Urbano,2008,2,0,0,0,2,0,0,2
368324,19/04/2008,Sábado,16:00:00,RN,226,82.9,TANGARA,Outras,Colisão lateral,Com Vítimas Feridas,Pleno dia,Decrescente,Sol,Simples,Reta,Urbano,2008,4,0,2,1,1,0,3,2
368369,13/04/2008,Domingo,19:35:00,RN,101,105.2,PARNAMIRIM,Não guardar distância de segurança,Colisão traseira,Sem Vítimas,Plena noite,Crescente,Chuva,Dupla,Reta,Urbano,2008,2,0,0,0,2,0,0,2
368371,22/04/2008,Terça,02:35:00,RN,110,37.7,MOSSORO,Animais na Pista,Atropelamento de animal,Sem Vítimas,Plena noite,Decrescente,Ceu Claro,Simples,Reta,Rural,2008,1,0,0,0,1,0,0,1
368471,18/04/2008,Sexta,18:00:00,RN,226,174.8,CURRAIS NOVOS,Não guardar distância de segurança,Colisão traseira,Sem Vítimas,Anoitecer,Crescente,Ceu Claro,Simples,Reta,Rural,2008,2,0,0,0,2,0,0,2
368492,14/04/2008,Segunda,18:20:00,RN,101,94.2,NATAL,Desobediência à sinalização,Colisão lateral,Com Vítimas Feridas,Plena noite,Crescente,Ceu Claro,Múltipla,Curva,Urbano,2008,2,0,1,0,1,0,1,2
368512,21/04/2008,Segunda,17:40:00,RN,226,108.8,SANTA CRUZ,Ultrapassagem indevida,Colisão lateral,Com Vítimas Feridas,Anoitecer,Crescente,Ceu Claro,Simples,Reta,Rural,2008,3,0,1,1,0,1,2,2
368574,18/04/2008,Sexta,07:30:00,RN,101,95.9,NATAL,Outras,Colisão com bicicleta,Com Vítimas Feridas,Pleno dia,Crescente,Nublado,Múltipla,Curva,Urbano,2008,2,0,1,0,1,0,1,2
368622,19/04/2008,Sábado,00:30:00,RN,304,304.3,MACAIBA,Animais na Pista,Atropelamento de animal,Com Vítimas Feridas,Plena noite,Crescente,Chuva,Dupla,Reta,Urbano,2008,1,0,1,0,0,0,1,1
368648,18/04/2008,Sexta,11:55:00,RN,405,3.9,MOSSORO,Desobediência à sinalização,Colisão lateral,Sem Vítimas,Pleno dia,Crescente,Ceu Claro,Simples,Reta,Urbano,2008,2,0,0,0,2,0,0,2
368651,20/04/2008,Domingo,07:45:00,RN,101,85.2,SAO GONCALO DO AMARANTE,Não guardar distância de segurança,Colisão traseira,Sem Vítimas,Pleno dia,Crescente,Sol,Dupla,Reta,Urbano,2008,3,0,0,0,3,0,0,3
368680,14/04/2008,Segunda,12:15:00,RN,101,95.6,NATAL,Falta de atenção,Colisão lateral,Com Vítimas Feridas,Pleno dia,Decrescente,Sol,Múltipla,Reta,Urbano,2008,2,0,1,0,1,0,1,2
368738,20/04/2008,Domingo,14:50:00,RN,101,97,NATAL,Falta de atenção,Colisão Transversal,Com Vítimas Feridas,Pleno dia,Decrescente,Sol,Dupla,Cruzamento,Urbano,2008,2,0,0,1,1,0,1,2
368853,22/04/2008,Terça,11:55:00,RN,101,84.2,SAO GONCALO DO AMARANTE,Não guardar distância de segurança,Colisão traseira,Sem Vítimas,Pleno dia,Crescente,Ceu Claro,Dupla,Reta,Urbano,2008,2,0,0,0,2,0,0,2
369029,21/04/2008,Segunda,18:30:00,RN,226,115.3,SANTA CRUZ,Ultrapassagem indevida,Colisão lateral,Sem Vítimas,Anoitecer,Crescente,Ceu Claro,Simples,Reta,Rural,2008,3,0,0,0,2,1,0,3
369079,23/04/2008,Quarta,06:30:00,RN,405,2.8,MOSSORO,Falta de atenção,Colisão Transversal,Sem Vítimas,Pleno dia,Crescente,Ceu Claro,Simples,Cruzamento,Urbano,2008,2,0,0,0,2,0,0,2
369179,23/04/2008,Quarta,13:40:00,RN,101,95,NATAL,Falta de atenção,Colisão Transversal,Sem Vítimas,Pleno dia,Crescente,Chuva,Simples,Cruzamento,Urbano,2008,2,0,0,0,2,0,0,2
369191,23/04/2008,Quarta,07:45:00,RN,101,108.5,PARNAMIRIM,Falta de atenção,Colisão Transversal,Sem Vítimas,Pleno dia,Decrescente,Chuva,Múltipla,Cruzamento,Urbano,2008,2,0,0,0,2,0,0,2
369196,23/04/2008,Quarta,08:10:00,RN,406,162,CEARA-MIRIM,Falta de atenção,Colisão lateral,Com Vítimas Feridas,Pleno dia,Decrescente,Chuva,Simples,Reta,Rural,2008,2,0,1,0,1,0,1,2
369248,22/04/2008,Terça,23:30:00,RN,304,89.1,ASSU,Animais na Pista,Atropelamento de animal,Sem Vítimas,Plena noite,Crescente,Nublado,Simples,Reta,Rural,2008,1,0,0,0,1,0,0,1
369273,23/04/2008,Quarta,16:15:00,RN,406,102.8,JOAO CAMARA,Falta de atenção,Colisão lateral,Com Vítimas Feridas,Pleno dia,Crescente,Chuva,Simples,Reta,Urbano,2008,2,0,1,0,1,0,1,2
369317,21/04/2008,Segunda,20:30:00,RN,101,99.9,NATAL,Não guardar distância de segurança,Colisão traseira,Sem Vítimas,Plena noite,Crescente,Nublado,Dupla,Reta,Urbano,2008,2,0,0,0,2,0,0,2
369318,23/04/2008,Quarta,11:47:00,RN,226,129.7,CAMPO REDONDO,Outras,Saída de Pista,Sem Vítimas,Pleno dia,Crescente,Chuva,Simples,Reta,Rural,2008,2,0,0,0,2,0,0,1
369342,23/04/2008,Quarta,21:10:00,RN,304,33.6,MOSSORO,Falta de atenção,Colisão Transversal,Com Vítimas Feridas,Plena noite,Decrescente,Nublado,Simples,Reta,Urbano,2008,2,0,1,0,0,1,1,2
369361,23/04/2008,Quarta,19:30:00,RN,101,99.6,NATAL,Falta de atenção,Colisão traseira,Sem Vítimas,Plena noite,Crescente,Ceu Claro,Múltipla,Cruzamento,Urbano,2008,2,0,0,0,2,0,0,2
369381,23/04/2008,Quarta,17:20:00,RN,101,94.5,NATAL,Falta de atenção,Colisão lateral,Sem Vítimas,Anoitecer,Crescente,Nublado,Dupla,Reta,Urbano,2008,2,0,0,0,2,0,0,2
369419,18/04/2008,Sexta,13:30:00,RN,101,99.8,NATAL,Falta de atenção,Colisão traseira,Sem Vítimas,Pleno dia,Decrescente,Sol,Dupla,Cruzamento,Urbano,2008,2,0,0,0,2,0,0,2
369437,20/04/2008,Domingo,00:30:00,RN,304,36.2,MOSSORO,Não guardar distância de segurança,Colisão traseira,Sem Vítimas,Plena noite,Crescente,Nublado,Simples,Reta,Urbano,2008,2,0,0,0,2,0,0,2
369604,24/04/2008,Quinta,07:15:00,RN,101,98.1,NATAL,Não guardar distância de segurança,Colisão traseira,Com Vítimas Feridas,Plena noite,Crescente,Ceu Claro,Dupla,Reta,Urbano,2008,2,0,1,0,1,0,1,2
369642,24/04/2008,Quinta,12:30:00,RN,101,98.1,NATAL,Falta de atenção,Colisão traseira,Sem Vítimas,Pleno dia,Crescente,Sol,Dupla,Reta,Urbano,2008,2,0,0,0,2,0,0,2
369654,24/04/2008,Quinta,14:30:00,RN,101,99.8,NATAL,Falta de atenção,Colisão traseira,Sem Vítimas,Pleno dia,Decrescente,Sol,Dupla,Reta,Urbano,2008,2,0,0,0,2,0,0,2
369693,18/04/2008,Sexta,16:20:00,RN,101,106,PARNAMIRIM,Falta de atenção,Colisão lateral,Com Vítimas Feridas,Pleno dia,Decrescente,Ceu Claro,Dupla,Reta,Urbano,2008,3,0,2,0,1,0,2,2
369741,24/04/2008,Quinta,21:45:00,RN,101,95.9,NATAL,Ultrapassagem indevida,Colisão lateral,Sem Vítimas,Plena noite,Crescente,Nublado,Dupla,Reta,Urbano,2008,2,0,0,0,1,1,0,2
369847,24/04/2008,Quinta,18:00:00,RN,405,100.2,SEVERIANO MELO,Animais na Pista,Atropelamento de animal,Com Vítimas Fatais,Anoitecer,Crescente,Ceu Claro,Simples,Reta,Rural,2008,1,1,0,0,0,0,0,1
369896,12/04/2008,Sábado,09:20:00,RN,101,106.3,PARNAMIRIM,Falta de atenção,Colisão Transversal,Com Vítimas Feridas,Pleno dia,Crescente,Nublado,Dupla,Cruzamento,Urbano,2008,2,0,1,0,1,0,1,2
369902,21/04/2008,Segunda,17:30:00,RN,304,37.4,MOSSORO,Não guardar distância de segurança,Colisão traseira,Com Vítimas Feridas,Anoitecer,Decrescente,Nublado,Dupla,Reta,Urbano,2008,6,0,2,0,4,0,2,2
369995,21/04/2008,Segunda,16:50:00,RN,101,99.9,NATAL,Defeito mecânico em veículo,Colisão traseira,Com Vítimas Feridas,Pleno dia,Crescente,Nublado,Dupla,Cruzamento,Urbano,2008,3,0,2,0,1,0,2,2
370050,05/02/2008,Terça,18:30:00,RN,304,268,SAO PEDRO,Outras,Atropelamento de pessoa,Com Vítimas Fatais,Plena noite,Crescente,Ceu Claro,Simples,Reta,Rural,2008,2,1,0,0,1,0,0,1
370070,25/04/2008,Sexta,00:05:00,RN,405,192.6,MAJOR SALES,Defeito na via,Tombamento,Com Vítimas Feridas,Plena noite,Crescente,Ceu Claro,Simples,Reta,Rural,2008,2,0,1,0,1,0,1,1
370235,21/04/2008,Segunda,15:30:00,RN,101,10.9,PARNAMIRIM,Não guardar distância de segurança,Colisão traseira,Sem Vítimas,Pleno dia,Decrescente,Ceu Claro,Simples,Reta,Rural,2008,2,0,0,0,2,0,0,2
370258,25/04/2008,Sexta,08:40:00,RN,101,97.2,NATAL,Falta de atenção,Colisão traseira,Com Vítimas Feridas,Pleno dia,Crescente,Sol,Dupla,Reta,Urbano,2008,2,0,0,1,1,0,1,2
370320,20/04/2008,Domingo,19:00:00,RN,406,33.7,GUAMARE,Outras,Colisão Transversal,Com Vítimas Feridas,Plena noite,Decrescente,Ceu Claro,Simples,Reta,Rural,2008,3,0,0,1,2,0,1,2
370350,18/04/2008,Sexta,09:40:00,RN,101,177.3,BAIA FORMOSA,Defeito mecânico em veículo,Colisão Transversal,Sem Vítimas,Pleno dia,Decrescente,Sol,Simples,Reta,Rural,2008,3,0,0,0,3,0,0,2
370391,19/04/2008,Sábado,00:30:00,RN,101,109.8,PARNAMIRIM,Outras,Colisão Transversal,Com Vítimas Feridas,Plena noite,Crescente,Nublado,Simples,Cruzamento,Rural,2008,2,0,1,0,1,0,1,2
370519,26/04/2008,Sábado,19:15:00,RN,304,213.6,LAJES,Dormindo,Saída de Pista,Sem Vítimas,Plena noite,Crescente,Ceu Claro,Simples,Reta,Rural,2008,1,0,0,0,1,0,0,1
370586,26/04/2008,Sábado,14:00:00,RN,101,84.2,NATAL,Falta de atenção,Colisão com objeto móvel,Sem Vítimas,Pleno dia,Decrescente,Ceu Claro,Dupla,Reta,Urbano,2008,2,0,0,0,2,0,0,2
370595,26/04/2008,Sábado,22:00:00,RN,406,168.5,SAO GONCALO DO AMARANTE,Outras,Capotamento,Com Vítimas Feridas,Plena noite,Crescente,Ceu Claro,Simples,Reta,Rural,2008,2,0,0,1,1,0,1,1
370626,26/04/2008,Sábado,16:30:00,RN,304,126.3,ANGICOS,Outras,Saída de Pista,Com Vítimas Feridas,Pleno dia,Crescente,Ceu Claro,Simples,Reta,Rural,2008,1,0,1,0,0,0,1,1
370645,26/04/2008,Sábado,15:40:00,RN,304,295.8,MACAIBA,Desobediência à sinalização,Colisão frontal,Com Vítimas Feridas,Pleno dia,Decrescente,Sol,Simples,Reta,Urbano,2008,3,0,1,1,1,0,2,2
370677,25/04/2008,Sexta,18:10:00,RN,101,82.9,NATAL,Não guardar distância de segurança,Colisão traseira,Sem Vítimas,Plena noite,Decrescente,Ceu Claro,Dupla,Cruzamento,Urbano,2008,2,0,0,0,2,0,0,2
370687,23/04/2008,Quarta,12:30:00,RN,304,232.5,RIACHUELO,Falta de atenção,Colisão lateral,Sem Vítimas,Pleno dia,Crescente,Chuva,Simples,Curva,Rural,2008,2,0,0,0,2,0,0,2
370712,26/04/2008,Sábado,14:50:00,RN,101,80.7,SAO GONCALO DO AMARANTE,Desobediência à sinalização,Colisão Transversal,Sem Vítimas,Pleno dia,Crescente,Ceu Claro,Simples,Reta,Urbano,2008,2,0,0,0,2,0,0,2
370721,17/04/2008,Quinta,15:20:00,RN,101,84.9,SAO GONCALO DO AMARANTE,Não guardar distância de segurança,Colisão traseira,Sem Vítimas,Pleno dia,Crescente,Ceu Claro,Dupla,Reta,Urbano,2008,2,0,0,0,2,0,0,2
370727,21/04/2008,Segunda,18:50:00,RN,101,78.2,NATAL,Outras,Colisão traseira,Sem Vítimas,Plena noite,Crescente,Chuva,Simples,Reta,Rural,2008,2,0,0,0,2,0,0,2
370827,23/04/2008,Quarta,08:15:00,RN,101,99,NATAL,Não guardar distância de segurança,Colisão traseira,Sem Vítimas,Pleno dia,Decrescente,Chuva,Dupla,Reta,Urbano,2008,2,0,0,0,2,0,0,2
370920,27/04/2008,Domingo,21:30:00,RN,101,123.3,SAO JOSE DE MIPIBU,Ingestão de álcool,Colisão frontal,Com Vítimas Feridas,Plena noite,Crescente,Chuva,Simples,Reta,Urbano,2008,7,0,6,0,1,0,6,2
370965,27/04/2008,Domingo,19:15:00,RN,226,69.9,SERRA CAIADA,Falta de atenção,Colisão Transversal,Com Vítimas Feridas,Plena noite,Crescente,Nublado,Simples,Cruzamento,Urbano,2008,3,0,1,0,1,1,1,2
370993,25/04/2008,Sexta,04:30:00,RN,226,155.9,CURRAIS NOVOS,Defeito mecânico em veículo,Incêndio,Sem Vítimas,Amanhecer,Decrescente,Nublado,Simples,Reta,Rural,2008,1,0,0,0,1,0,0,1
371009,21/04/2008,Segunda,18:20:00,RN,101,123.7,SAO JOSE DE MIPIBU,Não guardar distância de segurança,Colisão traseira,Sem Vítimas,Plena noite,Decrescente,Ceu Claro,Simples,Reta,Urbano,2008,2,0,0,0,2,0,0,2
371016,23/04/2008,Quarta,12:00:00,RN,101,94.3,NATAL,Outras,Colisão lateral,Sem Vítimas,Pleno dia,Decrescente,Chuva,Múltipla,Cruzamento,Urbano,2008,2,0,0,0,2,0,0,2
371026,18/04/2008,Sexta,18:30:00,RN,406,108.4,JOAO CAMARA,Ultrapassagem indevida,Colisão frontal,Com Vítimas Feridas,Plena noite,Crescente,Ceu Claro,Simples,Reta,Rural,2008,6,0,5,0,1,0,5,2
371047,25/04/2008,Sexta,10:30:00,RN,101,99.7,NATAL,Não guardar distância de segurança,Colisão traseira,Sem Vítimas,Pleno dia,Crescente,Sol,Dupla,Reta,Urbano,2008,2,0,0,0,2,0,0,2
371057,24/04/2008,Quinta,13:35:00,RN,101,98.9,NATAL,Falta de atenção,Colisão traseira,Com Vítimas Feridas,Pleno dia,Decrescente,Ceu Claro,Dupla,Reta,Urbano,2008,4,0,2,0,2,0,2,3
371075,22/04/2008,Terça,15:50:00,RN,101,83,NATAL,Não guardar distância de segurança,Colisão traseira,Sem Vítimas,Pleno dia,Decrescente,Sol,Dupla,Reta,Urbano,2008,2,0,0,0,2,0,0,2
371105,21/04/2008,Segunda,18:30:00,RN,304,289,MACAIBA,Não guardar distância de segurança,Colisão traseira,Sem Vítimas,Plena noite,Crescente,Ceu Claro,Simples,Reta,Rural,2008,4,0,0,0,4,0,0,4
371142,28/04/2008,Segunda,08:30:00,RN,101,84.3,NATAL,Falta de atenção,Colisão Transversal,Sem Vítimas,Pleno dia,Decrescente,Nublado,Dupla,Reta,Urbano,2008,2,0,0,0,2,0,0,2
371168,18/04/2008,Sexta,18:45:00,RN,101,97,NATAL,Falta de atenção,Colisão traseira,Sem Vítimas,Plena noite,Crescente,Ceu Claro,Dupla,Reta,Urbano,2008,3,0,0,0,3,0,0,3
371217,28/04/2008,Segunda,15:30:00,RN,101,99.9,NATAL,Falta de atenção,Colisão traseira,Sem Vítimas,Plena noite,Crescente,Chuva,Dupla,Reta,Urbano,2008,2,0,0,0,2,0,0,2
371238,28/04/2008,Segunda,16:45:00,RN,101,96.2,NATAL,Falta de atenção,Colisão lateral,Sem Vítimas,Pleno dia,Decrescente,Chuva,Dupla,Cruzamento,Urbano,2008,2,0,0,0,2,0,0,2
371255,24/04/2008,Quinta,14:30:00,RN,304,34.7,MOSSORO,Ingestão de álcool,Colisão traseira,Com Vítimas Feridas,Pleno dia,Decrescente,Chuva,Simples,Reta,Urbano,2008,2,0,1,0,1,0,1,2
371297,28/04/2008,Segunda,07:35:00,RN,101,96.9,NATAL,Falta de atenção,Colisão traseira,Sem Vítimas,Pleno dia,Decrescente,Chuva,Dupla,Reta,Urbano,2008,2,0,0,0,2,0,0,2
371327,28/04/2008,Segunda,17:15:00,RN,101,96.3,NATAL,Falta de atenção,Colisão traseira,Sem Vítimas,Anoitecer,Decrescente,Chuva,Dupla,Reta,Urbano,2008,2,0,0,0,2,0,0,2
371367,28/04/2008,Segunda,19:15:00,RN,226,111.2,SANTA CRUZ,Animais na Pista,Atropelamento de animal,Sem Vítimas,Plena noite,Decrescente,Nublado,Simples,Reta,Urbano,2008,2,0,0,0,2,0,0,1
371385,28/04/2008,Segunda,22:30:00,RN,101,123.2,SAO JOSE DE MIPIBU,Defeito na via,Danos Eventuais,Sem Vítimas,Plena noite,Crescente,Chuva,Simples,Reta,Urbano,2008,1,0,0,0,1,0,0,1
371459,25/04/2008,Sexta,11:00:00,RN,101,102.1,PARNAMIRIM,Velocidade incompatível,Colisão lateral,Sem Vítimas,Pleno dia,Decrescente,Ceu Claro,Dupla,Reta,Urbano,2008,2,0,0,0,2,0,0,2
371540,17/04/2008,Quinta,18:05:00,RN,101,104.4,PARNAMIRIM,Desobediência à sinalização,Colisão traseira,Sem Vítimas,Plena noite,Crescente,Ceu Claro,Dupla,Cruzamento,Urbano,2008,2,0,0,0,2,0,0,2
371587,29/04/2008,Terça,10:30:00,RN,304,42.5,MOSSORO,Desobediência à sinalização,Colisão Transversal,Com Vítimas Feridas,Pleno dia,Decrescente,Ceu Claro,Simples,Cruzamento,Rural,2008,4,0,2,0,2,0,2,2
371625,27/04/2008,Domingo,15:30:00,RN,406,98.3,JOAO CAMARA,Defeito mecânico em veículo,Capotamento,Com Vítimas Feridas,Pleno dia,Crescente,Chuva,Simples,Reta,Rural,2008,1,0,1,0,0,0,1,1
371648,23/04/2008,Quarta,14:00:00,RN,406,102.5,JOAO CAMARA,Falta de atenção,Colisão Transversal,Sem Vítimas,Pleno dia,Crescente,Nublado,Simples,Cruzamento,Urbano,2008,2,0,0,0,2,0,0,2
371655,25/04/2008,Sexta,21:00:00,RN,101,99.7,NATAL,Não guardar distância de segurança,Colisão traseira,Com Vítimas Feridas,Plena noite,Crescente,Ceu Claro,Dupla,Reta,Urbano,2008,3,0,2,0,1,0,2,2
371694,25/04/2008,Sexta,16:00:00,RN,101,95.4,NATAL,Outras,Colisão Transversal,Sem Vítimas,Pleno dia,Crescente,Ceu Claro,Múltipla,Cruzamento,Urbano,2008,2,0,0,0,2,0,0,2
371735,26/04/2008,Sábado,00:01:00,RN,101,107.4,PARNAMIRIM,Desobediência à sinalização,Colisão Transversal,Sem Vítimas,Plena noite,Crescente,Ceu Claro,Dupla,Cruzamento,Urbano,2008,2,0,0,0,1,1,0,2
371740,29/04/2008,Terça,17:40:00,RN,304,36.6,MOSSORO,Falta de atenção,Colisão Transversal,Sem Vítimas,Anoitecer,Crescente,Ceu Claro,Simples,Cruzamento,Urbano,2008,2,0,0,0,2,0,0,2
371808,25/04/2008,Sexta,22:10:00,RN,101,95,NATAL,Não guardar distância de segurança,Colisão traseira,Com Vítimas Feridas,Plena noite,Crescente,Ceu Claro,Múltipla,Reta,Urbano,2008,4,0,1,0,3,0,1,3
371899,28/04/2008,Segunda,08:03:00,RN,304,114.1,ASSU,Falta de atenção,Colisão traseira,Sem Vítimas,Pleno dia,Crescente,Ceu Claro,Simples,Reta,Urbano,2008,2,0,0,0,2,0,0,2
371964,26/04/2008,Sábado,14:08:00,RN,101,94.4,NATAL,Falta de atenção,Colisão traseira,Sem Vítimas,Pleno dia,Decrescente,Sol,Múltipla,Cruzamento,Urbano,2008,3,0,0,0,3,0,0,3