id,data_inversa,dia_semana,horario,uf,br,km,municipio,causa_acidente,tipo_acidente,classificacao_acidente,fase_dia,sentido_via,condicao_metereologica,tipo_pista,tracado_via,uso_solo,ano,pessoas,mortos,feridos_leves,feridos_graves,ilesos,ignorados,feridos,veiculos
377204,09/05/2008,Sexta,18:00:00,RN,101,109.8,PARNAMIRIM,Desobediência à sinalização,Colisão frontal,Com Vítimas Feridas,Plena noite,Crescente,Nublado,Simples,Reta,Urbano,2008,4,0,1,1,2,0,2,3
377263,11/05/2008,Domingo,21:15:00,RN,304,28,MOSSORO,Animais na Pista,Atropelamento de animal,Com Vítimas Feridas,Plena noite,Crescente,Chuva,Simples,Reta,Rural,2008,2,0,1,0,1,0,1,1
377270,13/05/2008,Terça,05:40:00,RN,101,84.3,SAO GONCALO DO AMARANTE,Falta de atenção,Colisão lateral,Sem Vítimas,Pleno dia,Crescente,Chuva,Dupla,Reta,Urbano,2008,2,0,0,0,2,0,0,2
377282,12/05/2008,Segunda,05:30:00,RN,304,22.4,MOSSORO,Animais na Pista,Colisão com objeto fixo,Sem Vítimas,Amanhecer,Crescente,Nublado,Simples,Reta,Rural,2008,1,0,0,0,1,0,0,1
377296,09/05/2008,Sexta,23:00:00,RN,101,137.1,ARES,Outras,Saída de Pista,Com Vítimas Feridas,Plena noite,Decrescente,Chuva,Simples,Curva,Rural,2008,2,0,0,1,1,0,1,1
377300,11/05/2008,Domingo,07:15:00,RN,101,107,PARNAMIRIM,Desobediência à sinalização,Colisão Transversal,Com Vítimas Feridas,Pleno dia,Decrescente,Nublado,Dupla,Cruzamento,Urbano,2008,2,0,1,1,0,0,2,2
377328,13/05/2008,Terça,10:35:00,RN,101,97.9,NATAL,Falta de atenção,Colisão lateral,Sem Vítimas,Pleno dia,Crescente,Chuva,Múltipla,Curva,Urbano,2008,2,0,0,0,2,0,0,2
377354,13/05/2008,Terça,14:40:00,RN,101,82,SAO GONCALO DO AMARANTE,Animais na Pista,Atropelamento de animal,Com Vítimas Feridas,Pleno dia,Crescente,Chuva,Dupla,Reta,Urbano,2008,1,0,1,0,0,0,1,1
377467,09/05/2008,Sexta,19:30:00,RN,101,106,PARNAMIRIM,Falta de atenção,Colisão lateral,Com Vítimas Feridas,Plena noite,Crescente,Chuva,Dupla,Curva,Urbano,2008,2,0,1,0,1,0,1,2
377575,13/05/2008,Terça,08:00:00,RN,101,97,NATAL,Falta de atenção,Colisão traseira,Sem Vítimas,Pleno dia,Crescente,Chuva,Dupla,Reta,Urbano,2008,2,0,0,0,2,0,0,2
377585,13/05/2008,Terça,16:40:00,RN,101,104.5,PARNAMIRIM,Desobediência à sinalização,Colisão lateral,Sem Vítimas,Pleno dia,Crescente,Nublado,Dupla,Reta,Urbano,2008,2,0,0,0,2,0,0,2
377608,10/05/2008,Sábado,17:30:00,RN,101,94.4,NATAL,Falta de atenção,Colisão traseira,Com Vítimas Feridas,Anoitecer,Crescente,Ceu Claro,Múltipla,Reta,Urbano,2008,3,0,2,0,0,1,2,2
377653,07/05/2008,Quarta,08:20:00,RN,427,66.2,JARDIM DO SERIDO,Não guardar distância de segurança,Colisão traseira,Sem Vítimas,Plena noite,Crescente,Ceu Claro,Simples,Curva,Rural,2008,4,0,0,0,4,0,0,2
377747,14/05/2008,Quarta,10:20:00,RN,101,107.2,PARNAMIRIM,Outras,Colisão lateral,Sem Vítimas,Pleno dia,Crescente,Nublado,Dupla,Reta,Urbano,2008,2,0,0,0,2,0,0,2
377811,14/05/2008,Quarta,08:45:00,RN,406,161.5,CEARA-MIRIM,Outras,Colisão lateral,Com Vítimas Feridas,Pleno dia,Decrescente,Ceu Claro,Simples,Reta,Rural,2008,3,0,1,0,2,0,1,3
377814,11/05/2008,Domingo,03:40:00,RN,304,282.4,MACAIBA,Falta de atenção,Danos Eventuais,Sem Vítimas,Plena noite,Decrescente,Nublado,Simples,Reta,Rural,2008,1,0,0,0,1,0,0,1
377829,14/05/2008,Quarta,10:00:00,RN,101,159.6,CANGUARETAMA,Ultrapassagem indevida,Colisão Transversal,Sem Vítimas,Pleno dia,Decrescente,Nublado,Simples,Reta,Urbano,2008,2,0,0,0,2,0,0,2
377893,14/05/2008,Quarta,15:40:00,RN,101,146.6,GOIANINHA,Falta de atenção,Colisão traseira,Sem Vítimas,Pleno dia,Crescente,Chuva,Simples,Reta,Urbano,2008,2,0,0,0,2,0,0,2
377962,10/05/2008,Sábado,17:00:00,RN,101,81,SAO GONCALO DO AMARANTE,Falta de atenção,Colisão lateral,Sem Vítimas,Pleno dia,Crescente,Ceu Claro,Simples,Reta,Urbano,2008,2,0,0,0,2,0,0,2
377981,14/05/2008,Quarta,13:10:00,RN,101,95.9,NATAL,Falta de atenção,Colisão Transversal,Sem Vítimas,Pleno dia,Crescente,Chuva,Simples,Cruzamento,Urbano,2008,2,0,0,0,2,0,0,2
378013,12/05/2008,Segunda,10:35:00,RN,101,98.7,NATAL,Não guardar distância de segurança,Colisão traseira,Sem Vítimas,Pleno dia,Decrescente,Ceu Claro,Dupla,Reta,Urbano,2008,2,0,0,0,2,0,0,2
378014,05/05/2008,Segunda,13:00:00,RN,101,96.2,NATAL,Não guardar distância de segurança,Colisão traseira,Sem Vítimas,Pleno dia,Crescente,Ceu Claro,Múltipla,Reta,Urbano,2008,3,0,0,0,3,0,0,3
378023,15/05/2008,Quinta,03:30:00,RN,101,83.3,NATAL,Defeito mecânico em veículo,Colisão com objeto fixo,Ignorado,Amanhecer,Decrescente,Chuva,Dupla,Reta,Urbano,2008,1,0,0,0,0,1,0,1
378248,15/05/2008,Quinta,18:40:00,RN,406,153.6,CEARA-MIRIM,Falta de atenção,Colisão traseira,Sem Vítimas,Plena noite,Decrescente,Chuva,Simples,Reta,Rural,2008,3,0,0,0,3,0,0,3
378387,15/05/2008,Quinta,10:15:00,RN,101,84.9,SAO GONCALO DO AMARANTE,Velocidade incompatível,Colisão traseira,Com Vítimas Feridas,Pleno dia,Crescente,Ceu Claro,Simples,Reta,Urbano,2008,3,0,0,2,1,0,2,2
378388,15/05/2008,Quinta,17:50:00,RN,101,102.9,PARNAMIRIM,Falta de atenção,Colisão traseira,Sem Vítimas,Plena noite,Crescente,Chuva,Dupla,Cruzamento,Urbano,2008,2,0,0,0,2,0,0,2
378428,13/05/2008,Terça,17:00:00,RN,304,38.2,MOSSORO,Falta de atenção,Colisão lateral,Com Vítimas Feridas,Anoitecer,Decrescente,Ceu Claro,Simples,Reta,Urbano,2008,2,0,1,0,1,0,1,2
378443,11/05/2008,Domingo,17:30:00,RN,304,117,MOSSORO,Outras,Saída de Pista,Com Vítimas Feridas,Anoitecer,Decrescente,Ceu Claro,Dupla,Reta,Rural,2008,2,0,1,1,0,0,2,1
378451,15/05/2008,Quinta,13:40:00,RN,110,45.5,MOSSORO,Dormindo,Saída de Pista,Com Vítimas Feridas,Pleno dia,Crescente,Sol,Dupla,Reta,Urbano,2008,1,0,1,0,0,0,1,1
378631,16/05/2008,Sexta,15:10:00,RN,110,47.7,MOSSORO,Falta de atenção,Colisão traseira,Sem Vítimas,Pleno dia,Decrescente,Sol,Simples,Cruzamento,Urbano,2008,2,0,0,0,2,0,0,2
378648,13/05/2008,Terça,14:50:00,RN,101,97.9,NATAL,Não guardar distância de segurança,Colisão traseira,Sem Vítimas,Pleno dia,Decrescente,Ceu Claro,Múltipla,Reta,Urbano,2008,2,0,0,0,2,0,0,2
378744,14/05/2008,Quarta,23:30:00,RN,304,42.2,MOSSORO,Falta de atenção,Saída de Pista,Sem Vítimas,Plena noite,Crescente,Nublado,Simples,Reta,Rural,2008,1,0,0,0,1,0,0,1
378748,13/05/2008,Terça,09:30:00,RN,406,36.2,GUAMARE,Outras,Atropelamento de pessoa,Com Vítimas Fatais,Pleno dia,Decrescente,Ceu Claro,Simples,Reta,Rural,2008,2,1,0,1,0,0,1,1
378759,13/05/2008,Terça,18:10:00,RN,304,249.5,SANTA MARIA,Falta de atenção,Colisão Transversal,Sem Vítimas,Plena noite,Decrescente,Ceu Claro,Simples,Reta,Rural,2008,2,0,0,0,2,0,0,2
378847,17/05/2008,Sábado,09:30:00,RN,101,106,PARNAMIRIM,Desobediência à sinalização,Colisão Transversal,Com Vítimas Feridas,Pleno dia,Crescente,Sol,Dupla,Reta,Urbano,2008,2,0,1,0,1,0,1,2
378923,17/05/2008,Sábado,19:20:00,RN,226,111.3,SANTA CRUZ,Outras,Atropelamento de pessoa,Com Vítimas Feridas,Plena noite,Crescente,Ceu Claro,Simples,Reta,Urbano,2008,3,0,3,0,0,0,3,1
378984,17/05/2008,Sábado,15:45:00,RN,101,96.7,NATAL,Falta de atenção,Colisão traseira,Sem Vítimas,Pleno dia,Decrescente,Ceu Claro,Dupla,Reta,Urbano,2008,2,0,0,0,2,0,0,2
379013,17/05/2008,Sábado,16:30:00,RN,304,297.7,MACAIBA,Ingestão de álcool,Tombamento,Com Vítimas Feridas,Pleno dia,Decrescente,Sol,Dupla,Cruzamento,Urbano,2008,1,0,1,0,0,0,1,1
379026,14/05/2008,Quarta,11:10:00,RN,110,47.1,MOSSORO,Defeito mecânico em veículo,Tombamento,Com Vítimas Feridas,Pleno dia,Decrescente,Ceu Claro,Simples,Cruzamento,Urbano,2008,1,0,1,0,0,0,1,1
379042,15/05/2008,Quinta,04:50:00,RN,304,288.8,MACAIBA,Ultrapassagem indevida,Colisão frontal,Com Vítimas Feridas,Amanhecer,Decrescente,Chuva,Simples,Reta,Rural,2008,3,0,3,0,0,0,3,2
379085,16/05/2008,Sexta,14:40:00,RN,304,296.7,MACAIBA,Falta de atenção,Colisão lateral,Sem Vítimas,Pleno dia,Decrescente,Sol,Dupla,Reta,Rural,2008,2,0,0,0,2,0,0,2
379104,12/04/2008,Sábado,18:35:00,RN,101,81.7,SAO GONCALO DO AMARANTE,Outras,Atropelamento de pessoa,Com Vítimas Feridas,Plena noite,Crescente,Chuva,Dupla,Reta,Urbano,2008,2,0,0,1,1,0,1,1
379111,16/05/2008,Sexta,18:30:00,RN,101,81.2,NATAL,Não guardar distância de segurança,Colisão traseira,Sem Vítimas,Plena noite,Decrescente,Ceu Claro,Dupla,Reta,Urbano,2008,3,0,0,0,3,0,0,3
379112,15/05/2008,Quinta,22:15:00,RN,101,96.7,NATAL,Falta de atenção,Colisão traseira,Sem Vítimas,Plena noite,Crescente,Nublado,Dupla,Reta,Urbano,2008,2,0,0,0,2,0,0,2
379151,16/05/2008,Sexta,21:00:00,RN,101,109.8,PARNAMIRIM,Outras,Colisão traseira,Sem Vítimas,Plena noite,Crescente,Ceu Claro,Simples,Reta,Rural,2008,2,0,0,0,2,0,0,2
379155,11/05/2008,Domingo,04:00:00,RN,406,128.5,TAIPU,Outras,Capotamento,Com Vítimas Feridas,Amanhecer,Crescente,Ceu Claro,Simples,Curva,Rural,2008,2,0,1,0,1,0,1,1
379188,07/05/2008,Quarta,06:50:00,RN,101,85,SAO GONCALO DO AMARANTE,Outras,Colisão com objeto fixo,Sem Vítimas,Pleno dia,Crescente,Ceu Claro,Dupla,Reta,Urbano,2008,2,0,0,0,2,0,0,2
379227,17/05/2008,Sábado,16:55:00,RN,304,47,MOSSORO,Desobediência à sinalização,Colisão Transversal,Sem Vítimas,Pleno dia,Decrescente,Ceu Claro,Simples,Cruzamento,Urbano,2008,2,0,0,0,2,0,0,2
379268,18/05/2008,Domingo,16:00:00,RN,226,172.8,CURRAIS NOVOS,Falta de atenção,Capotamento,Com Vítimas Feridas,Pleno dia,Decrescente,Ceu Claro,Simples,Curva,Rural,2008,2,0,1,0,1,0,1,1
379303,15/05/2008,Quinta,03:35:00,RN,304,180,FERNANDO PEDROZA,Animais na Pista,Colisão com objeto fixo,Sem Vítimas,Plena noite,Crescente,Ceu Claro,Simples,Reta,Rural,2008,1,0,0,0,1,0,0,1
379392,18/05/2008,Domingo,18:30:00,RN,226,49,BOM JESUS,Não guardar distância de segurança,Colisão traseira,Sem Vítimas,Plena noite,Decrescente,Ceu Claro,Simples,Reta,Urbano,2008,2,0,0,0,2,0,0,2
379474,15/05/2008,Quinta,22:15:00,RN,101,94.7,NATAL,Outras,Colisão lateral,Sem Vítimas,Plena noite,Crescente,Ceu Claro,Múltipla,Cruzamento,Urbano,2008,2,0,0,0,2,0,0,2
379527,14/05/2008,Quarta,13:15:00,RN,101,106,PARNAMIRIM,Outras,Colisão traseira,Sem Vítimas,Pleno dia,Crescente,Chuva,Dupla,Cruzamento,Urbano,2008,2,0,0,0,2,0,0,2
379544,08/04/2008,Terça,09:30:00,RN,101,84.8,SAO GONCALO DO AMARANTE,Defeito mecânico em veículo,Colisão lateral,Sem Vítimas,Pleno dia,Crescente,Ceu Claro,Dupla,Reta,Urbano,2008,2,0,0,0,2,0,0,2
379583,16/05/2008,Sexta,15:50:00,RN,406,150.9,CEARA-MIRIM,Ultrapassagem indevida,Colisão lateral,Sem Vítimas,Pleno dia,Decrescente,Sol,Simples,Reta,Urbano,2008,2,0,0,0,2,0,0,2
379632,19/05/2008,Segunda,09:10:00,RN,101,107,PARNAMIRIM,Não guardar distância de segurança,Colisão traseira,Sem Vítimas,Pleno dia,Decrescente,Sol,Dupla,Cruzamento,Urbano,2008,2,0,0,0,2,0,0,2
379673,19/05/2008,Segunda,11:45:00,RN,101,98.3,NATAL,Outras,Colisão Transversal,Sem Vítimas,Pleno dia,Decrescente,Sol,Dupla,Cruzamento,Urbano,2008,2,0,0,0,2,0,0,2
379686,19/05/2008,Segunda,16:30:00,RN,101,84.2,SAO GONCALO DO AMARANTE,Outras,Colisão traseira,Sem Vítimas,Pleno dia,Crescente,Ceu Claro,Dupla,Reta,Urbano,2008,2,0,0,0,2,0,0,2
379697,21/04/2008,Segunda,21:20:00,RN,101,95.8,NATAL,Velocidade incompatível,Colisão traseira,Sem Vítimas,Plena noite,Decrescente,Nublado,Dupla,Reta,Urbano,2008,2,0,0,0,2,0,0,2
379705,18/05/2008,Domingo,19:50:00,RN,101,94.2,NATAL,Falta de atenção,Colisão lateral,Sem Vítimas,Plena noite,Crescente,Ceu Claro,Dupla,Reta,Urbano,2008,2,0,0,0,2,0,0,2
379727,19/05/2008,Segunda,16:00:00,RN,101,111.4,PARNAMIRIM,Falta de atenção,Colisão Transversal,Sem Vítimas,Pleno dia,Decrescente,Ceu Claro,Simples,Reta,Rural,2008,2,0,0,0,2,0,0,2
379747,19/05/2008,Segunda,10:17:00,RN,101,94.3,NATAL,Outras,Capotamento,Sem Vítimas,Pleno dia,Crescente,Ceu Claro,Dupla,Reta,Urbano,2008,2,0,0,0,2,0,0,2
379806,19/05/2008,Segunda,13:20:00,RN,101,96.5,NATAL,Desobediência à sinalização,Colisão traseira,Sem Vítimas,Pleno dia,Decrescente,Ceu Claro,Dupla,Cruzamento,Urbano,2008,3,0,0,0,3,0,0,3
379862,12/05/2008,Segunda,18:40:00,RN,101,99.5,PARNAMIRIM,Falta de atenção,Colisão traseira,Sem Vítimas,Plena noite,Crescente,Ceu Claro,Dupla,Cruzamento,Urbano,2008,2,0,0,0,2,0,0,2
379902,12/05/2008,Segunda,09:45:00,RN,101,107.7,PARNAMIRIM,Desobediência à sinalização,Colisão Transversal,Com Vítimas Feridas,Pleno dia,Crescente,Sol,Dupla,Cruzamento,Urbano,2008,3,0,0,1,2,0,1,2
379948,15/05/2008,Quinta,19:20:00,RN,101,83,NATAL,Outras,Colisão lateral,Sem Vítimas,Plena noite,Decrescente,Chuva,Dupla,Reta,Urbano,2008,4,0,0,0,4,0,0,4
379981,12/05/2008,Segunda,22:15:00,RN,304,303.5,MACAIBA,Outras,Capotamento,Com Vítimas Feridas,Plena noite,Decrescente,Ceu Claro,Dupla,Reta,Rural,2008,1,0,1,0,0,0,1,1
380031,14/05/2008,Quarta,19:00:00,RN,405,169.4,RIACHO DE SANTANA,Outras,Colisão frontal,Com Vítimas Feridas,Plena noite,Decrescente,Ceu Claro,Simples,Reta,Rural,2008,3,0,0,1,2,0,1,3
380106,15/05/2008,Quinta,23:05:00,RN,304,126.3,ASSU,Não guardar distância de segurança,Colisão traseira,Sem Vítimas,Plena noite,Decrescente,Ceu Claro,Simples,Reta,Rural,2008,5,0,0,0,5,0,0,5
380131,12/05/2008,Segunda,15:55:00,RN,101,101.8,PARNAMIRIM,Não guardar distância de segurança,Colisão traseira,Sem Vítimas,Pleno dia,Decrescente,Ceu Claro,Dupla,Cruzamento,Urbano,2008,2,0,0,0,1,1,0,2
380157,20/05/2008,Terça,18:00:00,RN,304,37.2,MOSSORO,Outras,Colisão Transversal,Com Vítimas Fatais,Plena noite,Decrescente,Ceu Claro,Simples,Cruzamento,Urbano,2008,3,1,0,1,0,1,1,2
380158,16/05/2008,Sexta,07:40:00,RN,101,98,NATAL,Falta de atenção,Colisão traseira,Sem Vítimas,Pleno dia,Decrescente,Ceu Claro,Simples,Reta,Urbano,2008,2,0,0,0,2,0,0,2
380184,20/05/2008,Terça,18:00:00,RN,101,81.6,NATAL,Falta de atenção,Colisão lateral,Com Vítimas Feridas,Plena noite,Decrescente,Ceu Claro,Dupla,Cruzamento,Urbano,2008,3,0,1,0,2,0,1,3
380222,17/05/2008,Sábado,05:20:00,RN,101,94.2,NATAL,Ingestão de álcool,Capotamento,Sem Vítimas,Amanhecer,Decrescente,Ceu Claro,Múltipla,Reta,Urbano,2008,1,0,0,0,1,0,0,1
380279,20/05/2008,Terça,12:00:00,RN,101,95.5,NATAL,Outras,Queda de motocicleta / bicicleta / veículo,Com Vítimas Feridas,Pleno dia,Decrescente,Ceu Claro,Dupla,Reta,Urbano,2008,1,0,1,0,0,0,1,1
380377,13/05/2008,Terça,18:40:00,RN,226,10,MACAIBA,Animais na Pista,Atropelamento de animal,Sem Vítimas,Plena noite,Decrescente,Nublado,Simples,Reta,Rural,2008,1,0,0,0,1,0,0,1
380408,16/05/2008,Sexta,17:00:00,RN,101,84.4,NATAL,Falta de atenção,Colisão com bicicleta,Com Vítimas Feridas,Pleno dia,Decrescente,Sol,Dupla,Cruzamento,Urbano,2008,2,0,0,1,1,0,1,2
380478,21/05/2008,Quarta,09:30:00,RN,101,96.8,NATAL,Falta de atenção,Colisão traseira,Sem Vítimas,Pleno dia,Crescente,Sol,Dupla,Reta,Urbano,2008,3,0,0,0,3,0,0,3
380540,09/05/2008,Sexta,16:30:00,RN,427,32.3,ACARI,Outras,Capotamento,Sem Vítimas,Pleno dia,Decrescente,Chuva,Simples,Curva,Rural,2008,1,0,0,0,1,0,0,1
380676,21/05/2008,Quarta,20:45:00,RN,110,46,MOSSORO,Ingestão de álcool,Colisão traseira,Sem Vítimas,Plena noite,Decrescente,Ceu Claro,Simples,Reta,Urbano,2008,2,0,0,0,2,0,0,2
380825,19/05/2008,Segunda,15:30:00,RN,101,84.2,SAO GONCALO DO AMARANTE,Outras,Atropelamento de pessoa,Com Vítimas Feridas,Pleno dia,Crescente,Ceu Claro,Dupla,Reta,Urbano,2008,2,0,0,1,1,0,1,1
380837,22/05/2008,Quinta,04:40:00,RN,101,121.1,SAO JOSE DE MIPIBU,Animais na Pista,Atropelamento de animal,Sem Vítimas,Plena noite,Decrescente,Ceu Claro,Simples,Reta,Rural,2008,1,0,0,0,1,0,0,1
380898,19/05/2008,Segunda,23:10:00,RN,101,82.9,SAO GONCALO DO AMARANTE,Falta de atenção,Colisão traseira,Sem Vítimas,Plena noite,Crescente,Ignorada,Dupla,Curva,Urbano,2008,2,0,0,0,2,0,0,2
381012,22/05/2008,Quinta,15:25:00,RN,101,107,PARNAMIRIM,Falta de atenção,Colisão traseira,Sem Vítimas,Pleno dia,Crescente,Ceu Claro,Dupla,Cruzamento,Urbano,2008,2,0,0,0,2,0,0,2
381059,22/05/2008,Quinta,13:10:00,RN,427,4,CURRAIS NOVOS,Outras,Capotamento,Com Vítimas Feridas,Pleno dia,Crescente,Chuva,Simples,Curva,Rural,2008,2,0,1,1,0,0,2,1
381155,22/05/2008,Quinta,23:45:00,RN,101,99.9,NATAL,Outras,Colisão traseira,Sem Vítimas,Plena noite,Decrescente,Ceu Claro,Simples,Curva,Urbano,2008,2,0,0,0,2,0,0,2
381233,19/05/2008,Segunda,19:45:00,RN,101,96.8,NATAL,Outras,Colisão lateral,Sem Vítimas,Plena noite,Crescente,Ceu Claro,Simples,Cruzamento,Urbano,2008,2,0,0,0,2,0,0,2
381259,21/05/2008,Quarta,23:40:00,RN,101,95,NATAL,Defeito na via,Colisão com objeto fixo,Sem Vítimas,Plena noite,Crescente,Ceu Claro,Simples,Cruzamento,Urbano,2008,1,0,0,0,1,0,0,1
381282,19/05/2008,Segunda,14:40:00,RN,101,99.6,NATAL,Falta de atenção,Colisão Transversal,Sem Vítimas,Pleno dia,Decrescente,Ceu Claro,Dupla,Reta,Urbano,2008,2,0,0,0,2,0,0,2
381293,20/05/2008,Terça,18:00:00,RN,101,104.4,PARNAMIRIM,Outras,Colisão lateral,Sem Vítimas,Plena noite,Decrescente,Ceu Claro,Simples,Curva,Urbano,2008,2,0,0,0,2,0,0,2
381301,20/05/2008,Terça,06:50:00,RN,110,46.9,MOSSORO,Falta de atenção,Colisão lateral,Sem Vítimas,Pleno dia,Decrescente,Sol,Simples,Curva,Urbano,2008,2,0,0,0,2,0,0,2
381316,23/05/2008,Sexta,08:25:00,RN,101,100.7,PARNAMIRIM,Falta de atenção,Colisão lateral,Com Vítimas Feridas,Pleno dia,Decrescente,Sol,Dupla,Curva,Urbano,2008,2,0,0,1,1,0,1,2
381326,19/05/2008,Segunda,13:00:00,RN,101,95.2,NATAL,Falta de atenção,Colisão traseira,Sem Vítimas,Pleno dia,Crescente,Ceu Claro,Múltipla,Reta,Urbano,2008,3,0,0,0,3,0,0,3
381338,21/05/2008,Quarta,19:40:00,RN,101,96.6,NATAL,Falta de atenção,Colisão traseira,Sem Vítimas,Plena noite,Crescente,Ceu Claro,Dupla,Reta,Urbano,2008,2,0,0,0,2,0,0,2
381430,17/05/2008,Sábado,20:40:00,RN,304,114.2,ASSU,Outras,Colisão traseira,Com Vítimas Feridas,Plena noite,Decrescente,Ceu Claro,Simples,Reta,Rural,2008,3,0,2,0,0,1,2,2
381453,23/05/2008,Sexta,18:15:00,RN,101,96.8,NATAL,Outras,Colisão lateral,Sem Vítimas,Plena noite,Crescente,Ceu Claro,Dupla,Reta,Urbano,2008,2,0,0,0,2,0,0,2
381483,20/05/2008,Terça,07:10:00,RN,110,47.7,MOSSORO,Falta de atenção,Colisão Transversal,Com Vítimas Feridas,Pleno dia,Decrescente,Ceu Claro,Dupla,Reta,Urbano,2008,2,0,1,0,1,0,1,2
381516,21/05/2008,Quarta,21:00:00,RN,304,205.9,CAICARA DO RIO DO VENTO,Ultrapassagem indevida,Colisão lateral,Sem Vítimas,Plena noite,Crescente,Ceu Claro,Simples,Reta,Rural,2008,2,0,0,0,2,0,0,2
381534,23/05/2008,Sexta,18:40:00,RN,101,108.4,PARNAMIRIM,Falta de atenção,Colisão traseira,Sem Vítimas,Plena noite,Crescente,Ceu Claro,Dupla,Reta,Urbano,2008,2,0,0,0,2,0,0,2
381656,22/05/2008,Quinta,17:30:00,RN,101,113.1,PARNAMIRIM,Ultrapassagem indevida,Colisão lateral,Com Vítimas Feridas,Pleno dia,Decrescente,Ceu Claro,Simples,Reta,Rural,2008,9,0,3,0,6,0,3,3
381688,13/05/2008,Terça,03:30:00,RN,101,104.5,PARNAMIRIM,Ingestão de álcool,Saída de Pista,Com Vítimas Feridas,Plena noite,Crescente,Ceu Claro,Simples,Curva,Urbano,2008,1,0,1,0,0,0,1,1
381694,21/05/2008,Quarta,06:30:00,RN,101,97.7,NATAL,Não guardar distância de segurança,Colisão traseira,Sem Vítimas,Pleno dia,Crescente,Sol,Dupla,Reta,Urbano,2008,2,0,0,0,2,0,0,2
381837,24/05/2008,Sábado,07:30:00,RN,226,161.7,CURRAIS NOVOS,Outras,Colisão Transversal,Sem Vítimas,Pleno dia,Crescente,Ceu Claro,Simples,Reta,Rural,2008,2,0,0,0,2,0,0,2
381948,23/05/2008,Sexta,17:15:00,RN,101,77,NATAL,Falta de atenção,Colisão lateral,Com Vítimas Feridas,Plena noite,Decrescente,Ceu Claro,Simples,Reta,Urbano,2008,2,0,1,0,1,0,1,2
381995,21/05/2008,Quarta,21:30:00,RN,304,146.7,ANGICOS,Falta de atenção,Capotamento,Sem Vítimas,Plena noite,Decrescente,Ceu Claro,Simples,Reta,Rural,2008,1,0,0,0,1,0,0,1
382006,23/05/2008,Sexta,21:00:00,RN,101,95.3,NATAL,Defeito na via,Colisão lateral,Sem Vítimas,Plena noite,Crescente,Ceu Claro,Múltipla,Cruzamento,Urbano,2008,2,0,0,0,2,0,0,2
382040,16/05/2008,Sexta,16:25:00,RN,101,83,NATAL,Falta de atenção,Colisão lateral,Sem Vítimas,Pleno dia,Decrescente,Ceu Claro,Dupla,Reta,Urbano,2008,2,0,0,0,2,0,0,2
382149,22/05/2008,Quinta,08:40:00,RN,101,110.2,PARNAMIRIM,Falta de atenção,Colisão Transversal,Com Vítimas Feridas,Pleno dia,Crescente,Ceu Claro,Simples,Reta,Urbano,2008,3,0,2,1,0,0,3,2
382187,25/05/2008,Domingo,17:05:00,RN,406,106.3,JOAO CAMARA,Outras,Atropelamento de pessoa,Com Vítimas Fatais,Anoitecer,Decrescente,Ceu Claro,Simples,Cruzamento,Rural,2008,2,1,0,0,1,0,0,1
382200,23/05/2008,Sexta,01:00:00,RN,101,95.6,NATAL,Outras,Capotamento,Com Vítimas Feridas,Plena noite,Decrescente,Ceu Claro,Dupla,Reta,Urbano,2008,1,0,0,1,0,0,1,1
382214,22/05/2008,Quinta,18:15:00,RN,101,149.6,GOIANINHA,Falta de atenção,Colisão traseira,Com Vítimas Feridas,Plena noite,Decrescente,Ceu Claro,Simples,Reta,Urbano,2008,2,0,0,1,0,1,1,2
382216,25/05/2008,Domingo,19:30:00,RN,101,75,NATAL,Outras,Colisão com bicicleta,Com Vítimas Feridas,Plena noite,Decrescente,Ceu Claro,Simples,Cruzamento,Rural,2008,2,0,0,1,1,0,1,2
382317,25/05/2008,Domingo,19:20:00,RN,304,92.4,ASSU,Não guardar distância de segurança,Tombamento,Sem Vítimas,Plena noite,Crescente,Chuva,Simples,Reta,Rural,2008,1,0,0,0,1,0,0,1
382328,15/05/2008,Quinta,12:17:00,RN,101,98.8,NATAL,Outras,Atropelamento de pessoa,Com Vítimas Feridas,Pleno dia,Decrescente,Sol,Múltipla,Cruzamento,Urbano,2008,2,0,1,0,1,0,1,1
382361,20/05/2008,Terça,12:10:00,RN,101,145.5,GOIANINHA,Não guardar distância de segurança,Colisão traseira,Sem Vítimas,Pleno dia,Crescente,Ceu Claro,Simples,Reta,Urbano,2008,2,0,0,0,2,0,0,2
382374,23/05/2008,Sexta,14:00:00,RN,101,102.8,PARNAMIRIM,Falta de atenção,Colisão traseira,Sem Vítimas,Pleno dia,Decrescente,Ceu Claro,Dupla,Reta,Urbano,2008,2,0,0,0,2,0,0,2