id,data_inversa,dia_semana,horario,uf,br,km,municipio,causa_acidente,tipo_acidente,classificacao_acidente,fase_dia,sentido_via,condicao_metereologica,tipo_pista,tracado_via,uso_solo,ano,pessoas,mortos,feridos_leves,feridos_graves,ilesos,ignorados,feridos,veiculos
382393,26/05/2008,Segunda,04:40:00,RN,226,69,SERRA CAIADA,Desobediência à sinalização,Colisão frontal,Sem Vítimas,Amanhecer,Crescente,Ceu Claro,Simples,Reta,Rural,2008,2,0,0,0,2,0,0,2
382417,22/05/2008,Quinta,14:10:00,RN,101,79.7,SAO GONCALO DO AMARANTE,Outras,Colisão Transversal,Com Vítimas Feridas,Pleno dia,Crescente,Ceu Claro,Dupla,Reta,Urbano,2008,2,0,1,0,1,0,1,2
382532,23/05/2008,Sexta,17:40:00,RN,101,105.3,PARNAMIRIM,Não guardar distância de segurança,Colisão lateral,Sem Vítimas,Anoitecer,Decrescente,Ceu Claro,Dupla,Reta,Urbano,2008,4,0,0,0,4,0,0,4
382540,26/05/2008,Segunda,13:50:00,RN,101,85.8,SAO GONCALO DO AMARANTE,Falta de atenção,Colisão lateral,Sem Vítimas,Pleno dia,Crescente,Ceu Claro,Dupla,Reta,Urbano,2008,2,0,0,0,1,1,0,2
382552,22/05/2008,Quinta,21:38:00,RN,101,102.9,PARNAMIRIM,Falta de atenção,Colisão lateral,Sem Vítimas,Plena noite,Decrescente,Ceu Claro,Múltipla,Reta,Urbano,2008,2,0,0,0,1,1,0,2
382587,26/05/2008,Segunda,18:50:00,RN,101,97.6,NATAL,Falta de atenção,Colisão traseira,Sem Vítimas,Plena noite,Crescente,Ceu Claro,Dupla,Reta,Urbano,2008,2,0,0,0,2,0,0,2
382602,16/05/2008,Sexta,17:40:00,RN,101,77.7,NATAL,Outras,Atropelamento de pessoa,Com Vítimas Feridas,Anoitecer,Decrescente,Ceu Claro,Dupla,Reta,Urbano,2008,2,0,0,1,0,1,1,1
382726,19/05/2008,Segunda,17:20:00,RN,101,100.7,PARNAMIRIM,Falta de atenção,Colisão traseira,Sem Vítimas,Anoitecer,Decrescente,Nublado,Dupla,Reta,Urbano,2008,2,0,0,0,2,0,0,2
382828,23/05/2008,Sexta,11:45:00,RN,101,94.4,NATAL,Defeito mecânico em veículo,Danos Eventuais,Sem Vítimas,Pleno dia,Crescente,Ceu Claro,Dupla,Cruzamento,Urbano,2008,2,0,0,0,2,0,0,2
382829,27/05/2008,Terça,11:25:00,RN,101,83.1,SAO GONCALO DO AMARANTE,Falta de atenção,Colisão lateral,Sem Vítimas,Pleno dia,Crescente,Chuva,Dupla,Curva,Urbano,2008,2,0,0,0,2,0,0,2
382844,27/05/2008,Terça,08:20:00,RN,101,97.2,NATAL,Falta de atenção,Colisão traseira,Sem Vítimas,Pleno dia,Decrescente,Chuva,Dupla,Reta,Urbano,2008,2,0,0,0,2,0,0,2
382864,21/05/2008,Quarta,15:45:00,RN,406,169,SAO GONCALO DO AMARANTE,Falta de atenção,Colisão com bicicleta,Com Vítimas Feridas,Pleno dia,Decrescente,Sol,Simples,Reta,Rural,2008,2,0,1,1,0,0,2,2
382914,27/05/2008,Terça,15:10:00,RN,304,25,MOSSORO,Falta de atenção,Capotamento,Sem Vítimas,Pleno dia,Crescente,Nublado,Simples,Curva,Rural,2008,2,0,0,0,2,0,0,1
382936,22/05/2008,Quinta,19:05:00,RN,101,103,PARNAMIRIM,Falta de atenção,Colisão Transversal,Sem Vítimas,Plena noite,Decrescente,Ceu Claro,Dupla,Cruzamento,Urbano,2008,3,0,0,0,1,2,0,2
382980,27/05/2008,Terça,09:00:00,RN,101,100.4,NATAL,Outras,Colisão traseira,Sem Vítimas,Pleno dia,Crescente,Chuva,Dupla,Reta,Urbano,2008,2,0,0,0,2,0,0,2
382981,25/05/2008,Domingo,18:00:00,RN,304,48.3,MOSSORO,Falta de atenção,Tombamento,Com Vítimas Feridas,Plena noite,Decrescente,Ceu Claro,Simples,Reta,Urbano,2008,1,0,1,0,0,0,1,1
382997,25/05/2008,Domingo,09:15:00,RN,304,140.3,ASSU,Defeito na via,Tombamento,Sem Vítimas,Pleno dia,Crescente,Ceu Claro,Simples,Reta,Rural,2008,1,0,0,0,1,0,0,1
383002,27/05/2008,Terça,18:00:00,RN,101,103.1,PARNAMIRIM,Outras,Colisão com objeto fixo,Com Vítimas Feridas,Plena noite,Crescente,Nublado,Dupla,Reta,Urbano,2008,1,0,1,0,0,0,1,1
383028,27/05/2008,Terça,08:00:00,RN,304,37,MOSSORO,Desobediência à sinalização,Colisão Transversal,Com Vítimas Feridas,Pleno dia,Decrescente,Ceu Claro,Simples,Reta,Urbano,2008,2,0,0,1,1,0,1,2
383103,26/05/2008,Segunda,13:20:00,RN,101,85.5,SAO GONCALO DO AMARANTE,Não guardar distância de segurança,Colisão traseira,Com Vítimas Feridas,Pleno dia,Crescente,Ceu Claro,Simples,Reta,Urbano,2008,8,0,5,0,3,0,5,3
383135,21/05/2008,Quarta,16:35:00,RN,101,103.3,PARNAMIRIM,Outras,Atropelamento de pessoa,Com Vítimas Feridas,Pleno dia,Decrescente,Ceu Claro,Dupla,Reta,Urbano,2008,2,0,1,0,1,0,1,1
383202,24/05/2008,Sábado,13:00:00,RN,101,144.6,GOIANINHA,Defeito mecânico em veículo,Capotamento,Com Vítimas Fatais,Pleno dia,Crescente,Ceu Claro,Simples,Reta,Rural,2008,4,1,2,1,0,0,3,1
383244,17/05/2008,Sábado,18:20:00,RN,101,83.2,SAO GONCALO DO AMARANTE,Outras,Colisão traseira,Sem Vítimas,Plena noite,Decrescente,Ceu Claro,Múltipla,Curva,Urbano,2008,2,0,0,0,2,0,0,2
383380,20/05/2008,Terça,14:20:00,RN,101,97,NATAL,Falta de atenção,Colisão traseira,Sem Vítimas,Pleno dia,Decrescente,Ceu Claro,Dupla,Reta,Urbano,2008,2,0,0,0,2,0,0,2
383398,28/05/2008,Quarta,06:20:00,RN,101,100,NATAL,Não guardar distância de segurança,Colisão traseira,Com Vítimas Feridas,Pleno dia,Crescente,Ceu Claro,Dupla,Reta,Urbano,2008,4,0,1,0,2,1,1,4
383402,28/05/2008,Quarta,18:40:00,RN,226,2.5,NATAL,Animais na Pista,Atropelamento de animal,Com Vítimas Feridas,Plena noite,Crescente,Ceu Claro,Simples,Reta,Urbano,2008,2,0,0,1,1,0,1,2
383483,25/05/2008,Domingo,01:00:00,RN,304,43.9,MOSSORO,Velocidade incompatível,Colisão lateral,Ignorado,Plena noite,Crescente,Ceu Claro,Simples,Curva,Rural,2008,2,0,0,0,0,2,0,2
383514,28/05/2008,Quarta,05:15:00,RN,304,36,MOSSORO,Desobediência à sinalização,Colisão Transversal,Com Vítimas Feridas,Amanhecer,Decrescente,Ceu Claro,Simples,Reta,Urbano,2008,3,0,1,0,2,0,1,2
383516,25/05/2008,Domingo,04:00:00,RN,304,31,MOSSORO,Outras,Saída de Pista,Ignorado,Plena noite,Decrescente,Ceu Claro,Simples,Reta,Urbano,2008,1,0,0,0,0,1,0,1
383533,21/05/2008,Quarta,22:40:00,RN,101,103.4,PARNAMIRIM,Falta de atenção,Colisão lateral,Sem Vítimas,Plena noite,Crescente,Ceu Claro,Dupla,Reta,Urbano,2008,2,0,0,0,2,0,0,2
383545,26/05/2008,Segunda,21:30:00,RN,304,230.2,RIACHUELO,Ultrapassagem indevida,Saída de Pista,Sem Vítimas,Plena noite,Decrescente,Ceu Claro,Simples,Curva,Rural,2008,2,0,0,0,2,0,0,2
383550,24/05/2008,Sábado,06:45:00,RN,101,96.5,NATAL,Falta de atenção,Colisão traseira,Sem Vítimas,Pleno dia,Decrescente,Ceu Claro,Simples,Curva,Urbano,2008,2,0,0,0,2,0,0,2
383557,22/05/2008,Quinta,06:35:00,RN,304,292,MACAIBA,Falta de atenção,Colisão frontal,Com Vítimas Feridas,Pleno dia,Crescente,Ceu Claro,Simples,Reta,Rural,2008,4,0,1,2,1,0,3,3
383612,26/05/2008,Segunda,10:25:00,RN,101,101.8,PARNAMIRIM,Não guardar distância de segurança,Colisão traseira,Sem Vítimas,Pleno dia,Decrescente,Ceu Claro,Dupla,Cruzamento,Urbano,2008,2,0,0,0,2,0,0,2
383693,29/05/2008,Quinta,14:05:00,RN,304,46.8,MOSSORO,Falta de atenção,Colisão traseira,Sem Vítimas,Pleno dia,Decrescente,Ceu Claro,Simples,Cruzamento,Urbano,2008,2,0,0,0,2,0,0,2
383752,29/05/2008,Quinta,16:05:00,RN,101,84.8,NATAL,Outras,Colisão traseira,Com Vítimas Feridas,Pleno dia,Decrescente,Ceu Claro,Dupla,Curva,Urbano,2008,3,0,1,0,2,0,1,3
383775,29/05/2008,Quinta,12:30:00,RN,304,142.5,ANGICOS,Ultrapassagem indevida,Colisão frontal,Com Vítimas Fatais,Pleno dia,Crescente,Sol,Simples,Reta,Rural,2008,3,2,1,0,0,0,1,2
383861,29/05/2008,Quinta,16:30:00,RN,101,159.5,CANGUARETAMA,Falta de atenção,Colisão traseira,Sem Vítimas,Plena noite,Decrescente,Chuva,Dupla,Reta,Urbano,2008,2,0,0,0,2,0,0,2
383973,30/05/2008,Sexta,07:05:00,RN,304,302.1,MACAIBA,Não guardar distância de segurança,Colisão traseira,Sem Vítimas,Pleno dia,Crescente,Nublado,Dupla,Reta,Rural,2008,2,0,0,0,2,0,0,2
383980,26/05/2008,Segunda,17:40:00,RN,101,97,NATAL,Falta de atenção,Colisão traseira,Sem Vítimas,Anoitecer,Crescente,Ceu Claro,Múltipla,Reta,Urbano,2008,5,0,0,0,5,0,0,2
383983,30/05/2008,Sexta,10:50:00,RN,101,95.3,NATAL,Não guardar distância de segurança,Colisão traseira,Sem Vítimas,Pleno dia,Crescente,Nublado,Múltipla,Reta,Urbano,2008,3,0,0,0,2,1,0,3
383986,06/05/2008,Terça,10:00:00,RN,101,83.7,SAO GONCALO DO AMARANTE,Falta de atenção,Colisão lateral,Sem Vítimas,Pleno dia,Crescente,Ceu Claro,Dupla,Reta,Urbano,2008,2,0,0,0,2,0,0,2
384002,30/05/2008,Sexta,04:00:00,RN,101,152.8,GOIANINHA,Falta de atenção,Colisão traseira,Sem Vítimas,Plena noite,Decrescente,Nevoeiro/neblina,Simples,Reta,Rural,2008,2,0,0,0,2,0,0,2
384003,26/05/2008,Segunda,16:50:00,RN,226,3.6,NATAL,Falta de atenção,Colisão Transversal,Com Vítimas Feridas,Pleno dia,Decrescente,Ceu Claro,Simples,Reta,Urbano,2008,2,0,0,1,1,0,1,2
384022,15/04/2008,Terça,18:40:00,RN,101,100.3,NATAL,Falta de atenção,Colisão traseira,Sem Vítimas,Plena noite,Crescente,Ceu Claro,Múltipla,Curva,Urbano,2008,3,0,0,0,3,0,0,3
384032,24/05/2008,Sábado,06:20:00,RN,101,96.5,NATAL,Falta de atenção,Colisão traseira,Com Vítimas Feridas,Pleno dia,Decrescente,Ceu Claro,Simples,Curva,Urbano,2008,2,0,2,0,0,0,2,2
384033,26/05/2008,Segunda,18:00:00,RN,101,95.5,NATAL,Falta de atenção,Colisão Transversal,Sem Vítimas,Plena noite,Decrescente,Ceu Claro,Simples,Cruzamento,Urbano,2008,2,0,0,0,2,0,0,2
384036,30/05/2008,Sexta,11:40:00,RN,101,97.1,NATAL,Falta de atenção,Colisão traseira,Sem Vítimas,Pleno dia,Decrescente,Ceu Claro,Dupla,Reta,Urbano,2008,2,0,0,0,2,0,0,2
384045,30/05/2008,Sexta,07:15:00,RN,226,3.8,NATAL,Animais na Pista,Atropelamento de animal,Com Vítimas Feridas,Pleno dia,Decrescente,Nublado,Simples,Reta,Urbano,2008,2,0,0,1,1,0,1,1
384065,30/05/2008,Sexta,07:00:00,RN,101,83.4,NATAL,Outras,Colisão traseira,Sem Vítimas,Pleno dia,Decrescente,Nublado,Dupla,Reta,Urbano,2008,2,0,0,0,2,0,0,2
384069,30/05/2008,Sexta,16:45:00,RN,304,295.5,MACAIBA,Falta de atenção,Colisão traseira,Sem Vítimas,Pleno dia,Decrescente,Chuva,Simples,Reta,Rural,2008,2,0,0,0,2,0,0,2
384088,23/05/2008,Sexta,10:45:00,RN,101,85.5,NATAL,Outras,Colisão traseira,Sem Vítimas,Pleno dia,Crescente,Ceu Claro,Dupla,Reta,Urbano,2008,2,0,0,0,2,0,0,2
384143,30/05/2008,Sexta,19:20:00,RN,101,82.9,NATAL,Falta de atenção,Colisão lateral,Sem Vítimas,Plena noite,Decrescente,Chuva,Dupla,Reta,Urbano,2008,2,0,0,0,2,0,0,2
384182,30/05/2008,Sexta,15:00:00,RN,405,78.6,APODI,Ingestão de álcool,Colisão lateral,Com Vítimas Feridas,Pleno dia,Crescente,Ceu Claro,Simples,Reta,Rural,2008,2,0,0,1,1,0,1,2
384186,30/05/2008,Sexta,17:30:00,RN,101,95.7,NATAL,Falta de atenção,Colisão traseira,Sem Vítimas,Plena noite,Crescente,Chuva,Dupla,Reta,Urbano,2008,2,0,0,0,2,0,0,2
384239,31/05/2008,Sábado,03:00:00,RN,101,101.8,PARNAMIRIM,Ingestão de álcool,Colisão com objeto fixo,Sem Vítimas,Plena noite,Decrescente,Nublado,Dupla,Cruzamento,Urbano,2008,1,0,0,0,1,0,0,1
384255,26/05/2008,Segunda,16:40:00,RN,304,300.7,MACAIBA,Falta de atenção,Colisão com objeto fixo,Sem Vítimas,Pleno dia,Crescente,Ceu Claro,Dupla,Reta,Rural,2008,1,0,0,0,1,0,0,1
384491,31/05/2008,Sábado,16:50:00,RN,427,26.8,ACARI,Falta de atenção,Colisão traseira,Com Vítimas Feridas,Pleno dia,Crescente,Chuva,Simples,Reta,Urbano,2008,3,0,2,0,1,0,2,2
384499,31/05/2008,Sábado,19:05:00,RN,101,79.4,NATAL,Outras,Colisão traseira,Sem Vítimas,Plena noite,Decrescente,Nublado,Dupla,Reta,Urbano,2008,2,0,0,0,2,0,0,2
384582,31/05/2008,Sábado,23:10:00,RN,101,97.6,NATAL,Ingestão de álcool,Colisão traseira,Sem Vítimas,Plena noite,Decrescente,Chuva,Dupla,Reta,Urbano,2008,2,0,0,0,2,0,0,2
384634,17/05/2008,Sábado,06:45:00,RN,101,82.6,NATAL,Falta de atenção,Colisão Transversal,Sem Vítimas,Pleno dia,Decrescente,Ceu Claro,Dupla,Cruzamento,Urbano,2008,2,0,0,0,2,0,0,2
384786,01/06/2008,Domingo,15:05:00,RN,226,132.1,CAMPO REDONDO,Defeito mecânico em veículo,Capotamento,Sem Vítimas,Pleno dia,Crescente,Ceu Claro,Simples,Curva,Rural,2008,1,0,0,0,1,0,0,1
384820,01/06/2008,Domingo,18:00:00,RN,101,75.4,NATAL,Não guardar distância de segurança,Colisão traseira,Com Vítimas Feridas,Plena noite,Crescente,Ceu Claro,Dupla,Reta,Rural,2008,2,0,1,0,1,0,1,2
384903,01/06/2008,Domingo,21:15:00,RN,406,164.1,SAO GONCALO DO AMARANTE,Ultrapassagem indevida,Colisão frontal,Com Vítimas Feridas,Plena noite,Crescente,Ceu Claro,Simples,Reta,Rural,2008,4,0,0,3,1,0,3,2
384917,01/06/2008,Domingo,22:30:00,RN,406,166.7,SAO GONCALO DO AMARANTE,Outras,Saída de Pista,Com Vítimas Feridas,Plena noite,Crescente,Ceu Claro,Simples,Reta,Rural,2008,2,0,1,0,1,0,1,1
384929,01/06/2008,Domingo,18:10:00,RN,101,99.9,NATAL,Outras,Atropelamento de pessoa,Com Vítimas Feridas,Plena noite,Crescente,Nublado,Dupla,Reta,Urbano,2008,3,0,2,0,1,0,2,1
384931,02/06/2008,Segunda,01:15:00,RN,406,121.1,POCO BRANCO,Animais na Pista,Atropelamento de animal,Sem Vítimas,Plena noite,Decrescente,Ceu Claro,Simples,Reta,Rural,2008,2,0,0,0,2,0,0,2
384951,01/06/2008,Domingo,17:30:00,RN,304,4,MOSSORO,Falta de atenção,Colisão Transversal,Sem Vítimas,Anoitecer,Decrescente,Ceu Claro,Dupla,Reta,Rural,2008,2,0,0,0,1,1,0,2
384975,25/05/2008,Domingo,18:35:00,RN,304,116.5,ASSU,Outras,Colisão frontal,Com Vítimas Feridas,Plena noite,Crescente,Ceu Claro,Simples,Reta,Rural,2008,2,0,0,1,1,0,1,2
384987,25/05/2008,Domingo,09:20:00,RN,101,107.7,PARNAMIRIM,Desobediência à sinalização,Colisão Transversal,Com Vítimas Feridas,Pleno dia,Decrescente,Sol,Dupla,Reta,Urbano,2008,2,0,1,0,1,0,1,2
385008,30/05/2008,Sexta,14:45:00,RN,101,101.8,PARNAMIRIM,Falta de atenção,Colisão traseira,Com Vítimas Feridas,Pleno dia,Crescente,Ceu Claro,Dupla,Reta,Urbano,2008,2,0,1,0,1,0,1,2
385015,01/06/2008,Domingo,05:40:00,RN,101,106.1,PARNAMIRIM,Outras,Tombamento,Com Vítimas Feridas,Amanhecer,Decrescente,Ceu Claro,Dupla,Cruzamento,Urbano,2008,2,0,1,0,1,0,1,1
385092,02/06/2008,Segunda,12:40:00,RN,101,84.2,SAO GONCALO DO AMARANTE,Falta de atenção,Colisão traseira,Sem Vítimas,Pleno dia,Crescente,Ceu Claro,Dupla,Reta,Urbano,2008,2,0,0,0,2,0,0,2
385093,25/05/2008,Domingo,21:00:00,RN,101,95.8,NATAL,Desobediência à sinalização,Colisão lateral,Com Vítimas Feridas,Pleno dia,Decrescente,Ceu Claro,Dupla,Reta,Urbano,2008,2,0,1,0,0,1,1,2
385125,02/06/2008,Segunda,09:30:00,RN,101,107.1,PARNAMIRIM,Falta de atenção,Colisão lateral,Sem Vítimas,Pleno dia,Crescente,Sol,Dupla,Reta,Urbano,2008,2,0,0,0,2,0,0,2
385201,02/06/2008,Segunda,13:00:00,RN,101,107.3,PARNAMIRIM,Outras,Colisão lateral,Sem Vítimas,Pleno dia,Crescente,Ceu Claro,Dupla,Cruzamento,Urbano,2008,2,0,0,0,2,0,0,2
385247,31/05/2008,Sábado,08:50:00,RN,304,39.8,MOSSORO,Desobediência à sinalização,Colisão Transversal,Com Vítimas Feridas,Pleno dia,Decrescente,Ceu Claro,Simples,Cruzamento,Rural,2008,2,0,1,0,1,0,1,2
385277,30/05/2008,Sexta,20:10:00,RN,101,108.6,PARNAMIRIM,Falta de atenção,Colisão frontal,Com Vítimas Feridas,Plena noite,Crescente,Nublado,Dupla,Reta,Urbano,2008,4,0,3,1,0,0,4,2
385360,31/05/2008,Sábado,13:30:00,RN,304,42.3,MOSSORO,Outras,Saída de Pista,Sem Vítimas,Pleno dia,Crescente,Chuva,Simples,Reta,Rural,2008,1,0,0,0,1,0,0,1
385434,03/06/2008,Terça,14:00:00,RN,304,36.5,MOSSORO,Falta de atenção,Colisão Transversal,Com Vítimas Feridas,Pleno dia,Decrescente,Sol,Simples,Cruzamento,Urbano,2008,2,0,1,0,1,0,1,2
385443,25/05/2008,Domingo,18:15:00,RN,304,216,CAICARA DO RIO DO VENTO,Outras,Saída de Pista,Sem Vítimas,Plena noite,Decrescente,Ceu Claro,Simples,Reta,Rural,2008,1,0,0,0,1,0,0,1
385467,26/05/2008,Segunda,16:40:00,RN,304,102.7,MOSSORO,Defeito mecânico em veículo,Incêndio,Sem Vítimas,Pleno dia,Decrescente,Ceu Claro,Simples,Reta,Rural,2008,1,0,0,0,1,0,0,1
385515,03/06/2008,Terça,17:50:00,RN,110,48.5,MOSSORO,Falta de atenção,Atropelamento de pessoa,Com Vítimas Feridas,Plena noite,Decrescente,Nublado,Dupla,Reta,Urbano,2008,2,0,1,0,1,0,1,1
385516,31/05/2008,Sábado,06:41:00,RN,304,219,CAICARA DO RIO DO VENTO,Falta de atenção,Colisão traseira,Sem Vítimas,Pleno dia,Crescente,Ceu Claro,Simples,Cruzamento,Urbano,2008,2,0,0,0,2,0,0,2
385531,03/06/2008,Terça,15:20:00,RN,101,82.9,NATAL,Outras,Colisão lateral,Sem Vítimas,Plena noite,Decrescente,Ceu Claro,Dupla,Reta,Urbano,2008,2,0,0,0,2,0,0,2
385558,03/06/2008,Terça,13:30:00,RN,101,101.8,PARNAMIRIM,Desobediência à sinalização,Colisão traseira,Sem Vítimas,Pleno dia,Decrescente,Nublado,Dupla,Cruzamento,Urbano,2008,2,0,0,0,2,0,0,2
385578,03/06/2008,Terça,13:30:00,RN,101,119.8,SAO JOSE DE MIPIBU,Falta de atenção,Colisão Transversal,Sem Vítimas,Pleno dia,Crescente,Ceu Claro,Simples,Reta,Rural,2008,2,0,0,0,2,0,0,2
385610,03/06/2008,Terça,18:15:00,RN,304,48.3,MOSSORO,Defeito na via,Tombamento,Com Vítimas Feridas,Plena noite,Decrescente,Ceu Claro,Simples,Cruzamento,Urbano,2008,1,0,1,0,0,0,1,1
385613,03/06/2008,Terça,12:00:00,RN,101,97.9,NATAL,Desobediência à sinalização,Colisão Transversal,Com Vítimas Feridas,Pleno dia,Crescente,Ceu Claro,Dupla,Cruzamento,Urbano,2008,2,0,1,0,1,0,1,2
385619,03/06/2008,Terça,18:10:00,RN,110,46.9,MOSSORO,Falta de atenção,Colisão lateral,Sem Vítimas,Plena noite,Crescente,Ceu Claro,Simples,Cruzamento,Urbano,2008,2,0,0,0,2,0,0,2
385639,03/06/2008,Terça,23:00:00,RN,101,82,NATAL,Outras,Colisão traseira,Sem Vítimas,Plena noite,Decrescente,Nublado,Dupla,Reta,Urbano,2008,2,0,0,0,1,1,0,2
385685,03/06/2008,Terça,19:05:00,RN,101,96,NATAL,Falta de atenção,Colisão Transversal,Sem Vítimas,Plena noite,Crescente,Chuva,Dupla,Reta,Urbano,2008,2,0,0,0,2,0,0,2
385690,03/06/2008,Terça,10:30:00,RN,304,34.3,MOSSORO,Desobediência à sinalização,Colisão Transversal,Com Vítimas Feridas,Pleno dia,Crescente,Ceu Claro,Simples,Cruzamento,Urbano,2008,2,0,1,0,1,0,1,2
385727,27/05/2008,Terça,15:00:00,RN,101,96,NATAL,Outras,Colisão traseira,Sem Vítimas,Pleno dia,Decrescente,Sol,Dupla,Cruzamento,Urbano,2008,2,0,0,0,2,0,0,2
385744,04/06/2008,Quarta,06:00:00,RN,304,36.4,MOSSORO,Falta de atenção,Colisão com bicicleta,Com Vítimas Feridas,Pleno dia,Decrescente,Sol,Dupla,Reta,Urbano,2008,2,0,1,0,1,0,1,2
385747,29/05/2008,Quinta,16:20:00,RN,101,104.3,PARNAMIRIM,Outras,Colisão traseira,Sem Vítimas,Pleno dia,Crescente,Ceu Claro,Dupla,Reta,Urbano,2008,3,0,0,0,3,0,0,3
385766,30/05/2008,Sexta,06:40:00,RN,304,36.4,MOSSORO,Falta de atenção,Colisão Transversal,Com Vítimas Feridas,Pleno dia,Crescente,Ceu Claro,Simples,Reta,Urbano,2008,2,0,1,0,1,0,1,2
385833,31/05/2008,Sábado,12:40:00,RN,304,43.2,MOSSORO,Não guardar distância de segurança,Colisão traseira,Sem Vítimas,Pleno dia,Crescente,Nublado,Simples,Reta,Rural,2008,2,0,0,0,2,0,0,2
385840,31/05/2008,Sábado,10:00:00,RN,304,305,PARNAMIRIM,Outras,Colisão lateral,Com Vítimas Feridas,Pleno dia,Crescente,Nublado,Dupla,Reta,Rural,2008,4,0,2,1,1,0,3,2
385915,04/06/2008,Quarta,10:10:00,RN,101,95.3,NATAL,Falta de atenção,Colisão traseira,Com Vítimas Feridas,Pleno dia,Decrescente,Chuva,Múltipla,Reta,Urbano,2008,2,0,0,1,1,0,1,2
385938,04/06/2008,Quarta,15:10:00,RN,304,228.2,RIACHUELO,Não guardar distância de segurança,Colisão traseira,Sem Vítimas,Pleno dia,Decrescente,Nublado,Simples,Reta,Urbano,2008,2,0,0,0,2,0,0,2
385943,26/05/2008,Segunda,12:20:00,RN,304,46.9,MOSSORO,Falta de atenção,Colisão Transversal,Com Vítimas Feridas,Pleno dia,Decrescente,Ceu Claro,Dupla,Reta,Urbano,2008,2,0,1,0,1,0,1,2
385962,25/05/2008,Domingo,12:00:00,RN,304,104.3,ASSU,Defeito na via,Saída de Pista,Com Vítimas Feridas,Pleno dia,Crescente,Ceu Claro,Dupla,Reta,Urbano,2008,5,0,4,0,1,0,4,1
386005,04/06/2008,Quarta,20:10:00,RN,226,3.5,NATAL,Outras,Colisão com bicicleta,Com Vítimas Feridas,Plena noite,Decrescente,Chuva,Simples,Reta,Urbano,2008,2,0,0,1,1,0,1,2
386139,25/05/2008,Domingo,04:10:00,RN,101,102.1,NATAL,Velocidade incompatível,Colisão traseira,Com Vítimas Fatais,Plena noite,Crescente,Nublado,Dupla,Reta,Urbano,2008,3,1,0,1,1,0,1,2
386147,28/05/2008,Quarta,21:25:00,RN,101,113.2,PARNAMIRIM,Outras,Capotamento,Com Vítimas Feridas,Plena noite,Crescente,Ceu Claro,Simples,Reta,Rural,2008,3,0,3,0,0,0,3,1
386280,30/05/2008,Sexta,06:30:00,RN,101,96.7,NATAL,Não guardar distância de segurança,Colisão traseira,Sem Vítimas,Pleno dia,Decrescente,Chuva,Dupla,Reta,Urbano,2008,2,0,0,0,2,0,0,2
386322,05/06/2008,Quinta,17:50:00,RN,406,148.9,CEARA-MIRIM,Animais na Pista,Atropelamento de animal,Sem Vítimas,Anoitecer,Crescente,Ceu Claro,Simples,Reta,Rural,2008,2,0,0,0,2,0,0,2
386385,05/06/2008,Quinta,14:25:00,RN,101,99.8,NATAL,Falta de atenção,Colisão traseira,Sem Vítimas,Pleno dia,Crescente,Ceu Claro,Dupla,Reta,Urbano,2008,3,0,0,0,3,0,0,3
386446,02/06/2008,Segunda,06:00:00,RN,405,80.2,APODI,Outras,Queda de motocicleta / bicicleta / veículo,Com Vítimas Fatais,Amanhecer,Crescente,Ceu Claro,Simples,Reta,Rural,2008,1,1,0,0,0,0,0,1
386449,02/06/2008,Segunda,10:40:00,RN,101,84.2,SAO GONCALO DO AMARANTE,Falta de atenção,Colisão traseira,Sem Vítimas,Pleno dia,Crescente,Ceu Claro,Dupla,Reta,Urbano,2008,2,0,0,0,2,0,0,2
386454,06/06/2008,Sexta,04:10:00,RN,226,103.3,SANTA CRUZ,Animais na Pista,Atropelamento de animal,Sem Vítimas,Amanhecer,Crescente,Ceu Claro,Simples,Reta,Rural,2008,1,0,0,0,1,0,0,1
386469,29/05/2008,Quinta,11:25:00,RN,101,105.9,PARNAMIRIM,Desobediência à sinalização,Colisão Transversal,Sem Vítimas,Pleno dia,Crescente,Nublado,Dupla,Reta,Urbano,2008,3,0,0,0,3,0,0,3
386482,13/05/2008,Terça,15:20:00,RN,304,127.8,ITAJA,Falta de atenção,Saída de Pista,Com Vítimas Feridas,Pleno dia,Decrescente,Ceu Claro,Simples,Reta,Rural,2008,1,0,1,0,0,0,1,1
386526,06/06/2008,Sexta,11:00:00,RN,304,26.7,MOSSORO,Falta de atenção,Colisão lateral,Sem Vítimas,Pleno dia,Crescente,Sol,Simples,Cruzamento,Rural,2008,2,0,0,0,2,0,0,2