id,data_inversa,dia_semana,horario,uf,br,km,municipio,causa_acidente,tipo_acidente,classificacao_acidente,fase_dia,sentido_via,condicao_metereologica,tipo_pista,tracado_via,uso_solo,ano,pessoas,mortos,feridos_leves,feridos_graves,ilesos,ignorados,feridos,veiculos
413023,08/08/2008,Sexta,21:00:00,RN,101,95.3,NATAL,Outras,Colisão lateral,Sem Vítimas,Plena noite,Crescente,Nublado,Múltipla,Cruzamento,Urbano,2008,2,0,0,0,2,0,0,2
413333,08/08/2008,Sexta,03:40:00,RN,101,95.0,NATAL,Outras,Colisão com objeto fixo,Sem Vítimas,Plena noite,Crescente,Chuva,Múltipla,Reta,Urbano,2008,1,0,0,0,1,0,0,1
413493,13/08/2008,Quarta,14:10:00,RN,304,90.6,MOSSORO,Defeito mecânico em veículo,Saída de Pista,Com Vítimas Feridas,Pleno dia,Crescente,Ceu Claro,Simples,Reta,Rural,2008,2,0,2,0,0,0,2,1
413495,15/08/2008,Sexta,15:40:00,RN,101,118.5,SAO JOSE DE MIPIBU,Falta de atenção,Tombamento,Com Vítimas Feridas,Pleno dia,Decrescente,Ceu Claro,Simples,Cruzamento,Rural,2008,1,0,1,0,0,0,1,1
413748,14/08/2008,Quinta,14:40:00,RN,101,80.6,NATAL,Falta de atenção,Colisão lateral,Sem Vítimas,Pleno dia,Decrescente,Ceu Claro,Dupla,Curva,Urbano,2008,2,0,0,0,2,0,0,2
413793,15/08/2008,Sexta,00:50:00,RN,101,106.9,PARNAMIRIM,Falta de atenção,Colisão com bicicleta,Com Vítimas Feridas,Plena noite,Decrescente,Ceu Claro,Dupla,Reta,Urbano,2008,2,0,0,1,0,1,1,2
413866,28/07/2008,Segunda,12:40:00,RN,101,75.3,EXTREMOZ,Falta de atenção,Colisão traseira,Com Vítimas Feridas,Pleno dia,Crescente,Ceu Claro,Dupla,Reta,Rural,2008,2,0,1,0,1,0,1,2
413883,16/08/2008,Sábado,13:45:00,RN,101,100.5,PARNAMIRIM,Outras,Colisão com objeto fixo,Com Vítimas Feridas,Pleno dia,Crescente,Ceu Claro,Dupla,Reta,Urbano,2008,2,0,2,0,0,0,2,1
413927,16/08/2008,Sábado,17:30:00,RN,304,193.5,LAJES,Ingestão de álcool,Colisão com objeto fixo,Sem Vítimas,Anoitecer,Decrescente,Ceu Claro,Simples,Reta,Rural,2008,1,0,0,0,1,0,0,1
413953,16/08/2008,Sábado,12:45:00,RN,101,101.8,PARNAMIRIM,Outras,Colisão traseira,Sem Vítimas,Pleno dia,Decrescente,Ceu Claro,Dupla,Cruzamento,Urbano,2008,2,0,0,0,2,0,0,2
413962,16/08/2008,Sábado,14:15:00,RN,304,265.2,SANTA MARIA,Outras,Colisão lateral,Sem Vítimas,Pleno dia,Decrescente,Ceu Claro,Simples,Reta,Rural,2008,2,0,0,0,2,0,0,2
414139,01/08/2008,Sexta,11:20:00,RN,101,101.0,PARNAMIRIM,Falta de atenção,Colisão Transversal,Sem Vítimas,Pleno dia,Crescente,Sol,Dupla,Reta,Urbano,2008,2,0,0,0,2,0,0,2
414159,09/08/2008,Sábado,12:15:00,RN,101,97.2,NATAL,Não guardar distância de segurança,Colisão traseira,Sem Vítimas,Pleno dia,Decrescente,Sol,Dupla,Reta,Urbano,2008,3,0,0,0,3,0,0,3
414171,09/08/2008,Sábado,11:40:00,RN,101,97.1,NATAL,Falta de atenção,Colisão traseira,Sem Vítimas,Pleno dia,Decrescente,Sol,Dupla,Reta,Urbano,2008,2,0,0,0,2,0,0,2
414176,17/08/2008,Domingo,11:50:00,RN,304,47.0,MOSSORO,Falta de atenção,Queda de motocicleta / bicicleta / veículo,Ignorado,Pleno dia,Decrescente,Ceu Claro,Simples,Curva,Urbano,2008,1,0,0,0,0,1,0,1
414186,09/08/2008,Sábado,11:50:00,RN,101,98.5,NATAL,Falta de atenção,Colisão lateral,Sem Vítimas,Pleno dia,Crescente,Sol,Dupla,Reta,Urbano,2008,2,0,0,0,2,0,0,2
414239,13/08/2008,Quarta,08:00:00,RN,101,101.8,PARNAMIRIM,Falta de atenção,Colisão traseira,Sem Vítimas,Pleno dia,Crescente,Ceu Claro,Dupla,Cruzamento,Urbano,2008,2,0,0,0,2,0,0,2
414317,01/08/2008,Sexta,14:10:00,RN,101,96.6,NATAL,Falta de atenção,Colisão traseira,Sem Vítimas,Pleno dia,Crescente,Ceu Claro,Dupla,Curva,Urbano,2008,2,0,0,0,2,0,0,2
414357,17/08/2008,Domingo,14:30:00,RN,304,296.8,MACAIBA,Falta de atenção,Colisão Transversal,Sem Vítimas,Pleno dia,Crescente,Ceu Claro,Simples,Reta,Urbano,2008,2,0,0,0,2,0,0,2
414361,17/08/2008,Domingo,18:30:00,RN,226,117.7,SANTA CRUZ,Animais na Pista,Atropelamento de animal,Sem Vítimas,Plena noite,Decrescente,Ceu Claro,Simples,Reta,Rural,2008,1,0,0,0,1,0,0,1
414418,10/08/2008,Domingo,21:20:00,RN,101,108.8,PARNAMIRIM,Ultrapassagem indevida,Colisão lateral,Com Vítimas Feridas,Plena noite,Crescente,Nublado,Simples,Reta,Urbano,2008,3,0,1,1,1,0,2,2
414450,04/08/2008,Segunda,11:20:00,RN,101,84.2,NATAL,Não guardar distância de segurança,Colisão traseira,Sem Vítimas,Pleno dia,Decrescente,Sol,Dupla,Reta,Urbano,2008,2,0,0,0,2,0,0,2
414451,17/08/2008,Domingo,18:30:00,RN,304,272.5,SAO PEDRO,Outras,Colisão com bicicleta,Com Vítimas Feridas,Plena noite,Crescente,Ceu Claro,Simples,Reta,Rural,2008,2,0,1,0,1,0,1,2
414465,08/08/2008,Sexta,12:40:00,RN,101,84.2,NATAL,Outras,Colisão lateral,Sem Vítimas,Pleno dia,Decrescente,Sol,Dupla,Reta,Urbano,2008,2,0,0,0,2,0,0,2
414495,18/08/2008,Segunda,07:02:00,RN,304,296.7,MACAIBA,Outras,Atropelamento de pessoa,Com Vítimas Feridas,Pleno dia,Decrescente,Ceu Claro,Simples,Reta,Urbano,2008,2,0,1,0,1,0,1,1
414530,18/08/2008,Segunda,08:00:00,RN,101,98.7,NATAL,Não guardar distância de segurança,Colisão traseira,Sem Vítimas,Pleno dia,Decrescente,Ceu Claro,Dupla,Reta,Urbano,2008,4,0,0,0,4,0,0,4
414532,18/08/2008,Segunda,11:50:00,RN,110,52.7,MOSSORO,Falta de atenção,Saída de Pista,Com Vítimas Feridas,Pleno dia,Decrescente,Ceu Claro,Simples,Reta,Rural,2008,1,0,0,1,0,0,1,1
414763,18/08/2008,Segunda,13:15:00,RN,101,97.9,NATAL,Falta de atenção,Colisão traseira,Sem Vítimas,Pleno dia,Decrescente,Ceu Claro,Dupla,Cruzamento,Urbano,2008,2,0,0,0,2,0,0,2
414805,18/08/2008,Segunda,07:30:00,RN,304,39.2,MOSSORO,Falta de atenção,Colisão Transversal,Sem Vítimas,Pleno dia,Decrescente,Ceu Claro,Simples,Cruzamento,Urbano,2008,2,0,0,0,2,0,0,2
414836,18/08/2008,Segunda,23:27:00,RN,304,43.4,MOSSORO,Ingestão de álcool,Colisão traseira,Sem Vítimas,Plena noite,Decrescente,Ceu Claro,Simples,Reta,Rural,2008,2,0,0,0,2,0,0,2
414913,16/08/2008,Sábado,01:30:00,RN,101,94.3,NATAL,Falta de atenção,Tombamento,Com Vítimas Feridas,Plena noite,Decrescente,Ceu Claro,Múltipla,Cruzamento,Urbano,2008,2,0,1,0,1,0,1,2
414948,19/08/2008,Terça,10:00:00,RN,101,94.5,NATAL,Falta de atenção,Colisão lateral,Sem Vítimas,Pleno dia,Crescente,Ceu Claro,Dupla,Reta,Urbano,2008,2,0,0,0,2,0,0,2
414955,17/08/2008,Domingo,17:15:00,RN,304,31.0,MOSSORO,Outras,Queda de motocicleta / bicicleta / veículo,Com Vítimas Feridas,Pleno dia,Crescente,Ceu Claro,Dupla,Reta,Urbano,2008,2,0,2,0,0,0,2,1
415105,19/08/2008,Terça,19:30:00,RN,427,66.6,JARDIM DO SERIDO,Animais na Pista,Atropelamento de animal,Sem Vítimas,Plena noite,Crescente,Ceu Claro,Simples,Reta,Rural,2008,1,0,0,0,1,0,0,1
415189,19/08/2008,Terça,11:30:00,RN,226,71.6,SERRA CAIADA,Outras,Derramamento de Carga,Sem Vítimas,Pleno dia,Decrescente,Sol,Simples,Curva,Rural,2008,1,0,0,0,1,0,0,1
415228,20/08/2008,Quarta,07:35:00,RN,101,82.7,NATAL,Defeito mecânico em veículo,Colisão traseira,Sem Vítimas,Pleno dia,Decrescente,Sol,Dupla,Reta,Urbano,2008,2,0,0,0,2,0,0,2
415364,16/08/2008,Sábado,13:20:00,RN,101,99.9,NATAL,Desobediência à sinalização,Colisão Transversal,Sem Vítimas,Pleno dia,Crescente,Sol,Dupla,Reta,Urbano,2008,2,0,0,0,2,0,0,2
415517,13/08/2008,Quarta,16:25:00,RN,101,82.4,NATAL,Não guardar distância de segurança,Colisão traseira,Sem Vítimas,Pleno dia,Decrescente,Ceu Claro,Dupla,Reta,Urbano,2008,2,0,0,0,2,0,0,2
415539,17/08/2008,Domingo,19:00:00,RN,406,165.4,SAO GONCALO DO AMARANTE,Ingestão de álcool,Saída de Pista,Com Vítimas Feridas,Plena noite,Crescente,Ignorada,Simples,Reta,Rural,2008,1,0,1,0,0,0,1,1
415568,16/08/2008,Sábado,17:35:00,RN,101,99.8,NATAL,Falta de atenção,Colisão traseira,Sem Vítimas,Pleno dia,Crescente,Ignorada,Dupla,Reta,Urbano,2008,2,0,0,0,2,0,0,2
415580,20/08/2008,Quarta,10:00:00,RN,101,99.9,PARNAMIRIM,Falta de atenção,Colisão lateral,Sem Vítimas,Pleno dia,Decrescente,Sol,Dupla,Cruzamento,Urbano,2008,2,0,0,0,2,0,0,2
415585,20/08/2008,Quarta,16:10:00,RN,101,148.1,GOIANINHA,Não guardar distância de segurança,Colisão traseira,Sem Vítimas,Pleno dia,Crescente,Nublado,Simples,Reta,Urbano,2008,2,0,0,0,2,0,0,2
415612,20/08/2008,Quarta,06:40:00,RN,101,116.4,SAO JOSE DE MIPIBU,Outras,Colisão frontal,Com Vítimas Feridas,Amanhecer,Crescente,Ceu Claro,Simples,Reta,Rural,2008,2,0,0,1,1,0,1,2
415629,17/08/2008,Domingo,08:20:00,RN,101,83.9,NATAL,Falta de atenção,Colisão lateral,Sem Vítimas,Pleno dia,Decrescente,Ceu Claro,Dupla,Reta,Urbano,2008,2,0,0,0,2,0,0,2
415676,09/08/2008,Sábado,16:45:00,RN,101,97.9,NATAL,Ingestão de álcool,Colisão traseira,Sem Vítimas,Pleno dia,Crescente,Ceu Claro,Dupla,Cruzamento,Urbano,2008,2,0,0,0,2,0,0,2
415681,21/08/2008,Quinta,09:00:00,RN,101,101.2,PARNAMIRIM,Falta de atenção,Colisão lateral,Sem Vítimas,Pleno dia,Crescente,Ceu Claro,Dupla,Reta,Urbano,2008,2,0,0,0,2,0,0,2
415732,13/08/2008,Quarta,23:00:00,RN,101,101.7,PARNAMIRIM,Ingestão de álcool,Colisão lateral,Com Vítimas Feridas,Plena noite,Crescente,Ceu Claro,Dupla,Reta,Urbano,2008,3,0,3,0,0,0,3,2
415739,13/08/2008,Quarta,18:10:00,RN,101,95.1,NATAL,Falta de atenção,Colisão traseira,Sem Vítimas,Anoitecer,Crescente,Ceu Claro,Dupla,Reta,Urbano,2008,4,0,0,0,4,0,0,4
415744,04/06/2008,Quarta,13:00:00,RN,406,170.0,SAO GONCALO DO AMARANTE,Falta de atenção,Colisão traseira,Com Vítimas Feridas,Pleno dia,Crescente,Chuva,Simples,Reta,Rural,2008,2,0,1,0,1,0,1,2
415780,19/08/2008,Terça,16:50:00,RN,101,99.6,NATAL,Falta de atenção,Colisão lateral,Sem Vítimas,Pleno dia,Decrescente,Ceu Claro,Dupla,Cruzamento,Urbano,2008,2,0,0,0,1,1,0,2
415818,21/08/2008,Quinta,11:25:00,RN,304,48.6,MOSSORO,Falta de atenção,Colisão Transversal,Com Vítimas Feridas,Pleno dia,Crescente,Sol,Simples,Reta,Urbano,2008,2,0,0,1,1,0,1,2
415922,21/08/2008,Quinta,20:35:00,RN,427,97.8,CAICO,Ingestão de álcool,Colisão Transversal,Com Vítimas Feridas,Plena noite,Crescente,Ceu Claro,Simples,Reta,Urbano,2008,2,0,1,0,1,0,1,2
415991,22/08/2008,Sexta,08:00:00,RN,101,95.7,NATAL,Outras,Colisão traseira,Sem Vítimas,Pleno dia,Crescente,Chuva,Dupla,Reta,Urbano,2008,2,0,0,0,2,0,0,2
416026,06/08/2008,Quarta,15:00:00,RN,226,14.0,MACAIBA,Desobediência à sinalização,Colisão lateral,Sem Vítimas,Pleno dia,Decrescente,Nublado,Simples,Reta,Rural,2008,3,0,0,0,2,1,0,3
416053,19/08/2008,Terça,07:30:00,RN,427,14.0,ACARI,Falta de atenção,Saída de Pista,Sem Vítimas,Pleno dia,Decrescente,Ceu Claro,Dupla,Curva,Rural,2008,1,0,0,0,1,0,0,1
416062,15/08/2008,Sexta,17:55:00,RN,101,144.8,GOIANINHA,Falta de atenção,Colisão traseira,Sem Vítimas,Anoitecer,Decrescente,Ceu Claro,Simples,Reta,Rural,2008,3,0,0,0,3,0,0,3
416073,22/08/2008,Sexta,13:40:00,RN,304,36.6,MOSSORO,Outras,Colisão Transversal,Com Vítimas Feridas,Pleno dia,Decrescente,Ceu Claro,Simples,Reta,Urbano,2008,2,0,1,0,1,0,1,2
416128,19/08/2008,Terça,06:00:00,RN,304,222.1,CAICARA DO RIO DO VENTO,Defeito na via,Colisão traseira,Sem Vítimas,Pleno dia,Crescente,Ceu Claro,Simples,Reta,Rural,2008,2,0,0,0,2,0,0,2
416188,22/08/2008,Sexta,17:20:00,RN,304,47.0,MOSSORO,Outras,Colisão lateral,Sem Vítimas,Anoitecer,Crescente,Ceu Claro,Simples,Curva,Urbano,2008,2,0,0,0,2,0,0,2
416303,22/08/2008,Sexta,13:20:00,RN,101,100.7,PARNAMIRIM,Falta de atenção,Colisão traseira,Sem Vítimas,Pleno dia,Decrescente,Ceu Claro,Dupla,Cruzamento,Urbano,2008,2,0,0,0,2,0,0,2
416311,22/08/2008,Sexta,15:35:00,RN,101,99.9,NATAL,Falta de atenção,Colisão traseira,Sem Vítimas,Pleno dia,Crescente,Ceu Claro,Dupla,Cruzamento,Urbano,2008,2,0,0,0,2,0,0,2
416325,11/08/2008,Segunda,15:15:00,RN,101,99.6,NATAL,Falta de atenção,Colisão traseira,Sem Vítimas,Pleno dia,Decrescente,Chuva,Dupla,Cruzamento,Urbano,2008,2,0,0,0,2,0,0,2
416367,23/08/2008,Sábado,07:50:00,RN,304,297.4,MACAIBA,Desobediência à sinalização,Colisão lateral,Sem Vítimas,Pleno dia,Crescente,Ceu Claro,Dupla,Curva,Urbano,2008,2,0,0,0,2,0,0,2
416371,15/08/2008,Sexta,12:00:00,RN,101,81.7,NATAL,Falta de atenção,Colisão lateral,Com Vítimas Feridas,Pleno dia,Decrescente,Ceu Claro,Dupla,Cruzamento,Urbano,2008,2,0,1,0,1,0,1,2
416428,20/08/2008,Quarta,07:15:00,RN,101,97.6,NATAL,Falta de atenção,Colisão traseira,Sem Vítimas,Pleno dia,Decrescente,Ceu Claro,Dupla,Reta,Urbano,2008,2,0,0,0,2,0,0,2
416450,12/08/2008,Terça,01:00:00,RN,101,122.7,SAO JOSE DE MIPIBU,Defeito na via,Tombamento,Com Vítimas Fatais,Plena noite,Crescente,Chuva,Simples,Reta,Urbano,2008,1,1,0,0,0,0,0,1
416457,15/08/2008,Sexta,17:20:00,RN,101,97.8,NATAL,Desobediência à sinalização,Colisão Transversal,Com Vítimas Feridas,Anoitecer,Crescente,Ceu Claro,Múltipla,Cruzamento,Urbano,2008,3,0,0,2,1,0,2,2
416475,23/08/2008,Sábado,12:05:00,RN,101,102.2,PARNAMIRIM,Falta de atenção,Atropelamento de pessoa,Com Vítimas Feridas,Pleno dia,Decrescente,Ceu Claro,Múltipla,Reta,Urbano,2008,2,0,1,0,1,0,1,1
416496,23/08/2008,Sábado,08:15:00,RN,226,5.9,NATAL,Não guardar distância de segurança,Colisão traseira,Sem Vítimas,Pleno dia,Decrescente,Ceu Claro,Simples,Reta,Urbano,2008,3,0,0,0,3,0,0,3
416510,23/08/2008,Sábado,08:10:00,RN,101,102.1,PARNAMIRIM,Outras,Colisão traseira,Sem Vítimas,Pleno dia,Decrescente,Ceu Claro,Dupla,Reta,Urbano,2008,2,0,0,0,2,0,0,2
416528,23/08/2008,Sábado,14:30:00,RN,101,101.8,PARNAMIRIM,Falta de atenção,Colisão lateral,Sem Vítimas,Pleno dia,Crescente,Sol,Dupla,Cruzamento,Urbano,2008,2,0,0,0,2,0,0,2
416535,23/08/2008,Sábado,13:10:00,RN,101,102.9,PARNAMIRIM,Falta de atenção,Colisão Transversal,Com Vítimas Feridas,Pleno dia,Crescente,Ceu Claro,Dupla,Cruzamento,Urbano,2008,3,0,2,0,1,0,2,2
416578,23/08/2008,Sábado,17:30:00,RN,101,102.4,PARNAMIRIM,Falta de atenção,Colisão traseira,Sem Vítimas,Anoitecer,Crescente,Ceu Claro,Dupla,Reta,Urbano,2008,2,0,0,0,2,0,0,2
416645,23/08/2008,Sábado,17:55:00,RN,101,41.3,MAXARANGUAPE,Outras,Colisão lateral,Sem Vítimas,Anoitecer,Crescente,Ceu Claro,Simples,Curva,Rural,2008,2,0,0,0,2,0,0,2
416708,20/08/2008,Quarta,11:30:00,RN,101,96.8,NATAL,Falta de atenção,Colisão traseira,Sem Vítimas,Pleno dia,Decrescente,Sol,Dupla,Reta,Urbano,2008,2,0,0,0,2,0,0,2
416767,24/08/2008,Domingo,12:15:00,RN,101,101.5,PARNAMIRIM,Defeito mecânico em veículo,Colisão traseira,Sem Vítimas,Pleno dia,Crescente,Ceu Claro,Dupla,Reta,Urbano,2008,2,0,0,0,2,0,0,2
416780,20/08/2008,Quarta,21:30:00,RN,304,263.0,SANTA MARIA,Animais na Pista,Atropelamento de animal,Sem Vítimas,Plena noite,Crescente,Ceu Claro,Simples,Reta,Rural,2008,1,0,0,0,1,0,0,1
416785,24/08/2008,Domingo,04:10:00,RN,101,102.1,PARNAMIRIM,Animais na Pista,Capotamento,Com Vítimas Feridas,Plena noite,Decrescente,Ceu Claro,Dupla,Reta,Urbano,2008,1,0,1,0,0,0,1,1
416851,24/08/2008,Domingo,14:55:00,RN,101,82.7,SAO GONCALO DO AMARANTE,Falta de atenção,Colisão com objeto fixo,Com Vítimas Feridas,Pleno dia,Crescente,Sol,Dupla,Reta,Urbano,2008,5,0,0,3,0,2,3,3
416941,25/08/2008,Segunda,01:40:00,RN,226,122.6,LAJES PINTADAS,Dormindo,Tombamento,Sem Vítimas,Plena noite,Decrescente,Ceu Claro,Simples,Reta,Rural,2008,1,0,0,0,1,0,0,1
417048,21/08/2008,Quinta,16:00:00,RN,101,106.1,PARNAMIRIM,Outras,Colisão traseira,Sem Vítimas,Pleno dia,Decrescente,Sol,Dupla,Cruzamento,Urbano,2008,2,0,0,0,2,0,0,2
417069,25/08/2008,Segunda,07:30:00,RN,406,132.9,TAIPU,Defeito mecânico em veículo,Saída de Pista,Com Vítimas Feridas,Pleno dia,Crescente,Sol,Simples,Curva,Rural,2008,4,0,2,0,2,0,2,1
417150,24/08/2008,Domingo,06:45:00,RN,405,49.1,MOSSORO,Ingestão de álcool,Colisão frontal,Com Vítimas Feridas,Pleno dia,Decrescente,Sol,Simples,Reta,Rural,2008,2,0,1,1,0,0,2,2
417194,23/08/2008,Sábado,05:20:00,RN,304,48.0,MOSSORO,Outras,Colisão com objeto fixo,Sem Vítimas,Amanhecer,Crescente,Ceu Claro,Simples,Cruzamento,Urbano,2008,1,0,0,0,1,0,0,1
417247,13/08/2008,Quarta,19:00:00,RN,101,99.9,NATAL,Desobediência à sinalização,Colisão Transversal,Com Vítimas Feridas,Plena noite,Decrescente,Nublado,Dupla,Reta,Urbano,2008,3,0,2,0,0,1,2,2
417256,21/08/2008,Quinta,07:18:00,RN,101,123.0,SAO JOSE DE MIPIBU,Falta de atenção,Atropelamento de pessoa,Com Vítimas Feridas,Pleno dia,Crescente,Sol,Simples,Reta,Urbano,2008,3,0,1,0,2,0,1,2
417272,25/08/2008,Segunda,15:30:00,RN,101,163.2,CANGUARETAMA,Falta de atenção,Colisão Transversal,Sem Vítimas,Pleno dia,Crescente,Ceu Claro,Simples,Cruzamento,Rural,2008,2,0,0,0,2,0,0,2
417307,23/08/2008,Sábado,11:40:00,RN,101,94.1,NATAL,Falta de atenção,Colisão traseira,Sem Vítimas,Pleno dia,Decrescente,Ceu Claro,Dupla,Reta,Urbano,2008,2,0,0,0,2,0,0,2
417328,25/08/2008,Segunda,07:00:00,RN,406,43.9,GUAMARE,Falta de atenção,Colisão frontal,Com Vítimas Fatais,Pleno dia,Crescente,Ignorada,Simples,Reta,Rural,2008,7,3,1,2,1,0,3,3
417345,25/08/2008,Segunda,17:50:00,RN,304,47.0,MOSSORO,Falta de atenção,Colisão traseira,Com Vítimas Feridas,Anoitecer,Crescente,Ceu Claro,Simples,Cruzamento,Urbano,2008,2,0,1,0,1,0,1,2
417391,22/08/2008,Sexta,21:00:00,RN,101,96.7,NATAL,Defeito mecânico em veículo,Colisão traseira,Sem Vítimas,Plena noite,Crescente,Ceu Claro,Dupla,Curva,Urbano,2008,2,0,0,0,2,0,0,2
417464,26/08/2008,Terça,07:30:00,RN,406,150.0,CEARA-MIRIM,Falta de atenção,Colisão Transversal,Com Vítimas Feridas,Pleno dia,Crescente,Nublado,Simples,Reta,Urbano,2008,2,0,0,1,1,0,1,2
417473,26/08/2008,Terça,07:05:00,RN,101,94.5,NATAL,Não guardar distância de segurança,Colisão traseira,Sem Vítimas,Pleno dia,Decrescente,Chuva,Múltipla,Reta,Urbano,2008,3,0,0,0,3,0,0,3
417479,23/08/2008,Sábado,05:50:00,RN,101,77.6,SAO GONCALO DO AMARANTE,Falta de atenção,Colisão traseira,Com Vítimas Feridas,Amanhecer,Decrescente,Sol,Dupla,Reta,Urbano,2008,2,0,1,0,1,0,1,2
417499,23/08/2008,Sábado,12:00:00,RN,101,99.8,NATAL,Falta de atenção,Colisão traseira,Sem Vítimas,Pleno dia,Crescente,Ceu Claro,Dupla,Reta,Urbano,2008,2,0,0,0,2,0,0,2
417503,24/08/2008,Domingo,04:20:00,RN,101,99.1,NATAL,Falta de atenção,Colisão traseira,Sem Vítimas,Plena noite,Crescente,Ceu Claro,Dupla,Reta,Urbano,2008,3,0,0,0,1,2,0,2
417567,26/08/2008,Terça,03:40:00,RN,226,113.1,SANTA CRUZ,Animais na Pista,Atropelamento de animal,Com Vítimas Fatais,Plena noite,Decrescente,Nublado,Simples,Reta,Urbano,2008,2,1,1,0,0,0,1,1
417576,26/08/2008,Terça,16:00:00,RN,226,4.4,BOM JESUS,Falta de atenção,Tombamento,Sem Vítimas,Pleno dia,Crescente,Nevoeiro/neblina,Simples,Curva,Rural,2008,1,0,0,0,1,0,0,1
417600,26/08/2008,Terça,14:30:00,RN,101,96.6,NATAL,Não guardar distância de segurança,Colisão traseira,Sem Vítimas,Pleno dia,Decrescente,Chuva,Múltipla,Reta,Urbano,2008,3,0,0,0,3,0,0,3
417665,26/08/2008,Terça,14:25:00,RN,101,94.4,NATAL,Falta de atenção,Colisão traseira,Sem Vítimas,Pleno dia,Decrescente,Chuva,Dupla,Reta,Urbano,2008,3,0,0,0,3,0,0,3
417699,26/08/2008,Terça,17:40:00,RN,101,145.2,GOIANINHA,Animais na Pista,Atropelamento de animal,Sem Vítimas,Anoitecer,Decrescente,Nublado,Simples,Reta,Urbano,2008,2,0,0,0,2,0,0,1
417820,25/08/2008,Segunda,12:55:00,RN,101,99.5,PARNAMIRIM,Falta de atenção,Colisão traseira,Sem Vítimas,Plena noite,Decrescente,Ceu Claro,Dupla,Reta,Urbano,2008,2,0,0,0,2,0,0,2
417827,27/08/2008,Quarta,09:50:00,RN,101,104.5,PARNAMIRIM,Falta de atenção,Tombamento,Sem Vítimas,Pleno dia,Decrescente,Sol,Múltipla,Curva,Urbano,2008,1,0,0,0,1,0,0,1
417889,26/08/2008,Terça,19:30:00,RN,304,206.3,LAJES,Ultrapassagem indevida,Colisão frontal,Com Vítimas Feridas,Plena noite,Crescente,Nublado,Simples,Reta,Rural,2008,4,0,1,0,0,3,1,2
417899,27/08/2008,Quarta,12:20:00,RN,101,95.6,NATAL,Falta de atenção,Colisão traseira,Com Vítimas Feridas,Pleno dia,Crescente,Sol,Múltipla,Reta,Urbano,2008,3,0,1,0,2,0,1,3
417982,16/08/2008,Sábado,11:40:00,RN,101,73.1,EXTREMOZ,Outras,Colisão Transversal,Com Vítimas Feridas,Pleno dia,Decrescente,Ceu Claro,Simples,Reta,Rural,2008,3,0,0,1,2,0,1,2
418006,26/08/2008,Terça,11:25:00,RN,101,94.1,NATAL,Falta de atenção,Colisão lateral,Sem Vítimas,Pleno dia,Crescente,Ceu Claro,Múltipla,Reta,Urbano,2008,2,0,0,0,2,0,0,2
418076,27/08/2008,Quarta,13:00:00,RN,304,39.3,MOSSORO,Falta de atenção,Colisão Transversal,Sem Vítimas,Pleno dia,Decrescente,Ceu Claro,Simples,Reta,Urbano,2008,2,0,0,0,2,0,0,2
418085,27/08/2008,Quarta,23:00:00,RN,304,189.0,LAJES,Animais na Pista,Atropelamento de animal,Com Vítimas Feridas,Plena noite,Crescente,Ceu Claro,Simples,Reta,Rural,2008,2,0,1,0,1,0,1,1
418165,21/08/2008,Quinta,06:00:00,RN,427,21.9,ACARI,Falta de atenção,Capotamento,Com Vítimas Feridas,Pleno dia,Crescente,Ceu Claro,Simples,Curva,Rural,2008,2,0,0,1,1,0,1,1
418184,28/08/2008,Quinta,07:20:00,RN,304,297.7,MACAIBA,Desobediência à sinalização,Colisão Transversal,Sem Vítimas,Pleno dia,Decrescente,Ceu Claro,Dupla,Cruzamento,Urbano,2008,2,0,0,0,2,0,0,2
418199,20/08/2008,Quarta,17:05:00,RN,101,95.1,NATAL,Outras,Colisão Transversal,Sem Vítimas,Pleno dia,Crescente,Ceu Claro,Múltipla,Reta,Urbano,2008,2,0,0,0,2,0,0,2
418214,25/08/2008,Segunda,03:30:00,RN,101,134.0,ARES,Dormindo,Tombamento,Sem Vítimas,Plena noite,Decrescente,Ceu Claro,Simples,Reta,Rural,2008,1,0,0,0,1,0,0,1
418239,24/08/2008,Domingo,14:20:00,RN,101,109.5,NATAL,Outras,Colisão Transversal,Com Vítimas Feridas,Pleno dia,Crescente,Ceu Claro,Simples,Reta,Rural,2008,3,0,2,0,1,0,2,2
418287,28/08/2008,Quinta,13:50:00,RN,101,82.2,NATAL,Outras,Colisão com objeto fixo,Sem Vítimas,Pleno dia,Crescente,Chuva,Dupla,Reta,Urbano,2008,1,0,0,0,1,0,0,1
418378,28/08/2008,Quinta,17:45:00,RN,101,85.1,NATAL,Falta de atenção,Colisão lateral,Sem Vítimas,Plena noite,Decrescente,Chuva,Dupla,Reta,Urbano,2008,2,0,0,0,2,0,0,2