id,data_inversa,dia_semana,horario,uf,br,km,municipio,causa_acidente,tipo_acidente,classificacao_acidente,fase_dia,sentido_via,condicao_metereologica,tipo_pista,tracado_via,uso_solo,ano,pessoas,mortos,feridos_leves,feridos_graves,ilesos,ignorados,feridos,veiculos
430446,26/09/2008,Sexta,18:50:00,RN,101,100.1,NATAL,Não guardar distância de segurança,Colisão traseira,Sem Vítimas,Plena noite,Decrescente,Ceu Claro,Dupla,Reta,Urbano,2008,2,0,0,0,2,0,0,2
430459,26/09/2008,Sexta,14:50:00,RN,304,39.3,MOSSORO,Desobediência à sinalização,Colisão Transversal,Com Vítimas Feridas,Pleno dia,Crescente,Ceu Claro,Simples,Reta,Urbano,2008,2,0,0,1,1,0,1,2
430590,27/09/2008,Sábado,07:00:00,RN,304,38.1,MOSSORO,Outras,Colisão Transversal,Com Vítimas Feridas,Pleno dia,Crescente,Sol,Simples,Reta,Urbano,2008,2,0,0,1,1,0,1,2
430617,27/09/2008,Sábado,10:40:00,RN,101,108.8,PARNAMIRIM,Outras,Colisão traseira,Sem Vítimas,Pleno dia,Decrescente,Ceu Claro,Simples,Reta,Urbano,2008,2,0,0,0,2,0,0,2
430639,27/09/2008,Sábado,10:30:00,RN,101,85.6,NATAL,Falta de atenção,Colisão traseira,Sem Vítimas,Pleno dia,Decrescente,Ceu Claro,Dupla,Reta,Urbano,2008,3,0,0,0,3,0,0,3
430688,27/09/2008,Sábado,15:15:00,RN,101,130.0,NATAL,Falta de atenção,Colisão Transversal,Sem Vítimas,Pleno dia,Decrescente,Ceu Claro,Simples,Cruzamento,Rural,2008,2,0,0,0,2,0,0,2
430765,27/09/2008,Sábado,16:40:00,RN,427,109.0,CAICO,Ultrapassagem indevida,Saída de Pista,Sem Vítimas,Pleno dia,Decrescente,Ceu Claro,Simples,Reta,Rural,2008,3,0,0,0,2,1,0,3
430816,27/09/2008,Sábado,18:30:00,RN,226,113.4,SANTA CRUZ,Animais na Pista,Capotamento,Sem Vítimas,Plena noite,Decrescente,Ceu Claro,Simples,Reta,Urbano,2008,1,0,0,0,1,0,0,1
430869,27/09/2008,Sábado,17:20:00,RN,101,97.9,NATAL,Falta de atenção,Colisão traseira,Sem Vítimas,Anoitecer,Decrescente,Ceu Claro,Dupla,Cruzamento,Urbano,2008,2,0,0,0,2,0,0,2
431015,24/09/2008,Quarta,16:00:00,RN,304,40.0,MOSSORO,Desobediência à sinalização,Colisão Transversal,Sem Vítimas,Pleno dia,Crescente,Sol,Simples,Cruzamento,Rural,2008,2,0,0,0,2,0,0,2
431076,28/09/2008,Domingo,14:00:00,RN,101,83.7,NATAL,Ingestão de álcool,Colisão traseira,Sem Vítimas,Pleno dia,Decrescente,Ceu Claro,Dupla,Reta,Urbano,2008,2,0,0,0,1,1,0,2
431102,28/09/2008,Domingo,13:00:00,RN,101,82.9,SAO GONCALO DO AMARANTE,Falta de atenção,Colisão lateral,Sem Vítimas,Pleno dia,Crescente,Sol,Dupla,Cruzamento,Urbano,2008,2,0,0,0,2,0,0,2
431206,28/09/2008,Domingo,16:35:00,RN,110,48.3,MOSSORO,Outras,Colisão lateral,Sem Vítimas,Pleno dia,Crescente,Ceu Claro,Dupla,Cruzamento,Urbano,2008,2,0,0,0,1,1,0,2
431255,24/09/2008,Quarta,18:30:00,RN,304,34.3,MOSSORO,Outras,Colisão lateral,Sem Vítimas,Plena noite,Decrescente,Ceu Claro,Simples,Reta,Urbano,2008,2,0,0,0,2,0,0,2
431262,28/09/2008,Domingo,07:40:00,RN,101,96.6,NATAL,Outras,Colisão com objeto fixo,Sem Vítimas,Pleno dia,Crescente,Chuva,Dupla,Curva,Urbano,2008,2,0,0,0,2,0,0,2
431291,25/09/2008,Quinta,15:05:00,RN,101,99.7,NATAL,Falta de atenção,Colisão traseira,Sem Vítimas,Pleno dia,Crescente,Ceu Claro,Dupla,Reta,Urbano,2008,2,0,0,0,2,0,0,2
431297,25/09/2008,Quinta,18:25:00,RN,101,96.6,NATAL,Falta de atenção,Colisão traseira,Sem Vítimas,Plena noite,Crescente,Ceu Claro,Dupla,Curva,Urbano,2008,2,0,0,0,2,0,0,2
431379,21/09/2008,Domingo,12:35:00,RN,101,99.7,NATAL,Falta de atenção,Colisão traseira,Sem Vítimas,Pleno dia,Crescente,Ceu Claro,Dupla,Reta,Urbano,2008,3,0,0,0,3,0,0,3
431394,29/09/2008,Segunda,11:40:00,RN,101,105.8,PARNAMIRIM,Falta de atenção,Colisão lateral,Sem Vítimas,Pleno dia,Crescente,Sol,Dupla,Reta,Urbano,2008,2,0,0,0,2,0,0,2
431407,27/09/2008,Sábado,04:20:00,RN,110,50.2,MOSSORO,Falta de atenção,Capotamento,Ignorado,Plena noite,Crescente,Ceu Claro,Dupla,Reta,Urbano,2008,1,0,0,0,0,1,0,1
431448,29/09/2008,Segunda,11:45:00,RN,101,82.9,NATAL,Ultrapassagem indevida,Colisão lateral,Sem Vítimas,Pleno dia,Decrescente,Ceu Claro,Simples,Cruzamento,Urbano,2008,2,0,0,0,2,0,0,2
431457,29/09/2008,Segunda,11:30:00,RN,101,106.0,PARNAMIRIM,Falta de atenção,Colisão com bicicleta,Com Vítimas Feridas,Pleno dia,Crescente,Sol,Dupla,Cruzamento,Urbano,2008,2,0,1,0,1,0,1,2
431481,25/09/2008,Quinta,07:40:00,RN,101,110.0,PARNAMIRIM,Falta de atenção,Colisão Transversal,Sem Vítimas,Pleno dia,Crescente,Sol,Simples,Reta,Urbano,2008,2,0,0,0,2,0,0,2
431529,29/09/2008,Segunda,18:00:00,RN,101,98.9,NATAL,Falta de atenção,Colisão traseira,Sem Vítimas,Plena noite,Crescente,Ceu Claro,Dupla,Reta,Urbano,2008,2,0,0,0,2,0,0,2
431591,29/09/2008,Segunda,14:25:00,RN,101,77.2,SAO GONCALO DO AMARANTE,Falta de atenção,Colisão lateral,Com Vítimas Feridas,Pleno dia,Crescente,Sol,Dupla,Reta,Urbano,2008,2,0,0,1,1,0,1,2
431656,29/09/2008,Segunda,20:40:00,RN,110,48.2,MOSSORO,Falta de atenção,Colisão Transversal,Com Vítimas Feridas,Plena noite,Crescente,Ceu Claro,Simples,Reta,Urbano,2008,2,0,1,0,1,0,1,2
431667,25/09/2008,Quinta,12:20:00,RN,304,306.0,PARNAMIRIM,Defeito mecânico em veículo,Queda de motocicleta / bicicleta / veículo,Com Vítimas Feridas,Pleno dia,Crescente,Sol,Dupla,Reta,Urbano,2008,2,0,1,1,0,0,2,1
431686,25/09/2008,Quinta,20:00:00,RN,101,97.9,NATAL,Falta de atenção,Colisão Transversal,Sem Vítimas,Plena noite,Crescente,Ceu Claro,Dupla,Reta,Urbano,2008,2,0,0,0,2,0,0,2
431803,26/09/2008,Sexta,14:20:00,RN,101,96.8,NATAL,Falta de atenção,Colisão traseira,Sem Vítimas,Pleno dia,Crescente,Ceu Claro,Dupla,Reta,Urbano,2008,2,0,0,0,2,0,0,2
431808,30/09/2008,Terça,06:05:00,RN,101,99.9,NATAL,Falta de atenção,Colisão Transversal,Sem Vítimas,Pleno dia,Crescente,Ceu Claro,Dupla,Cruzamento,Urbano,2008,2,0,0,0,2,0,0,2
431821,30/09/2008,Terça,08:50:00,RN,101,100.1,NATAL,Falta de atenção,Colisão traseira,Sem Vítimas,Pleno dia,Decrescente,Sol,Dupla,Reta,Urbano,2008,2,0,0,0,2,0,0,2
431845,26/09/2008,Sexta,18:25:00,RN,101,96.4,NATAL,Não guardar distância de segurança,Colisão traseira,Sem Vítimas,Plena noite,Crescente,Ignorada,Dupla,Reta,Urbano,2008,3,0,0,0,3,0,0,3
431848,26/09/2008,Sexta,12:20:00,RN,304,175.8,FERNANDO PEDROZA,Falta de atenção,Colisão lateral,Sem Vítimas,Pleno dia,Crescente,Ceu Claro,Simples,Reta,Rural,2008,2,0,0,0,1,1,0,2
431954,26/09/2008,Sexta,17:50:00,RN,101,24.6,RIO DO FOGO,Animais na Pista,Atropelamento de animal,Sem Vítimas,Plena noite,Crescente,Ceu Claro,Simples,Reta,Rural,2008,1,0,0,0,1,0,0,1
432028,26/09/2008,Sexta,18:30:00,RN,101,94.5,NATAL,Não guardar distância de segurança,Colisão traseira,Sem Vítimas,Plena noite,Crescente,Ignorada,Múltipla,Reta,Urbano,2008,3,0,0,0,3,0,0,3
432040,30/09/2008,Terça,08:30:00,RN,101,83.9,NATAL,Falta de atenção,Atropelamento de pessoa,Com Vítimas Feridas,Pleno dia,Decrescente,Chuva,Dupla,Reta,Urbano,2008,2,0,1,0,1,0,1,1
432050,30/09/2008,Terça,18:50:00,RN,101,102.8,NATAL,Falta de atenção,Colisão Transversal,Com Vítimas Feridas,Plena noite,Crescente,Ceu Claro,Dupla,Reta,Urbano,2008,2,0,2,0,0,0,2,2
432180,26/09/2008,Sexta,17:50:00,RN,101,23.7,RIO DO FOGO,Animais na Pista,Atropelamento de animal,Sem Vítimas,Plena noite,Decrescente,Ceu Claro,Simples,Reta,Rural,2008,1,0,0,0,1,0,0,1
432188,22/09/2008,Segunda,16:50:00,RN,101,130.3,SAO JOSE DE MIPIBU,Falta de atenção,Colisão traseira,Sem Vítimas,Pleno dia,Decrescente,Ceu Claro,Simples,Curva,Rural,2008,2,0,0,0,2,0,0,2
432286,01/10/2008,Quarta,11:15:00,RN,101,95.3,NATAL,Falta de atenção,Colisão lateral,Sem Vítimas,Pleno dia,Decrescente,Ceu Claro,Múltipla,Cruzamento,Urbano,2008,2,0,0,0,2,0,0,2
432287,28/09/2008,Domingo,04:15:00,RN,101,106.1,PARNAMIRIM,Outras,Atropelamento de pessoa,Com Vítimas Feridas,Amanhecer,Decrescente,Ceu Claro,Dupla,Reta,Urbano,2008,2,0,1,0,0,1,1,1
432297,01/10/2008,Quarta,19:10:00,RN,101,97.1,NATAL,Falta de atenção,Colisão traseira,Sem Vítimas,Plena noite,Crescente,Ceu Claro,Dupla,Reta,Urbano,2008,2,0,0,0,2,0,0,2
432337,18/09/2008,Quinta,17:45:00,RN,101,110.8,PARNAMIRIM,Falta de atenção,Colisão Transversal,Com Vítimas Feridas,Anoitecer,Crescente,Ceu Claro,Simples,Cruzamento,Rural,2008,2,0,1,0,1,0,1,2
432395,01/10/2008,Quarta,20:00:00,RN,405,65.7,FELIPE GUERRA,Ingestão de álcool,Colisão lateral,Sem Vítimas,Plena noite,Crescente,Ceu Claro,Simples,Reta,Rural,2008,2,0,0,0,2,0,0,2
432420,02/10/2008,Quinta,01:10:00,RN,101,125.0,SAO JOSE DE MIPIBU,Falta de atenção,Colisão Transversal,Com Vítimas Fatais,Plena noite,Decrescente,Chuva,Simples,Cruzamento,Urbano,2008,2,1,0,0,0,1,0,2
432452,28/09/2008,Domingo,17:30:00,RN,101,107.9,PARNAMIRIM,Desobediência à sinalização,Atropelamento de pessoa,Com Vítimas Fatais,Pleno dia,Crescente,Ceu Claro,Dupla,Cruzamento,Urbano,2008,2,1,0,0,0,1,0,1
432466,26/09/2008,Sexta,15:00:00,RN,101,94.8,NATAL,Falta de atenção,Colisão traseira,Sem Vítimas,Pleno dia,Crescente,Ceu Claro,Dupla,Curva,Urbano,2008,4,0,0,0,4,0,0,4
432544,28/09/2008,Domingo,12:50:00,RN,101,96.6,NATAL,Falta de atenção,Colisão lateral,Sem Vítimas,Pleno dia,Crescente,Ceu Claro,Múltipla,Reta,Urbano,2008,2,0,0,0,2,0,0,2
432606,02/10/2008,Quinta,08:15:00,RN,101,101.8,PARNAMIRIM,Não guardar distância de segurança,Colisão traseira,Sem Vítimas,Pleno dia,Decrescente,Nublado,Dupla,Cruzamento,Urbano,2008,2,0,0,0,2,0,0,2
432630,02/10/2008,Quinta,12:13:00,RN,304,294.6,MACAIBA,Falta de atenção,Colisão Transversal,Com Vítimas Feridas,Pleno dia,Decrescente,Sol,Simples,Reta,Rural,2008,2,0,1,0,1,0,1,2
432699,29/09/2008,Segunda,03:50:00,RN,101,95.4,NATAL,Não guardar distância de segurança,Colisão traseira,Sem Vítimas,Plena noite,Decrescente,Ceu Claro,Múltipla,Reta,Urbano,2008,2,0,0,0,2,0,0,2
432745,02/10/2008,Quinta,18:40:00,RN,101,84.7,NATAL,Falta de atenção,Colisão traseira,Sem Vítimas,Plena noite,Decrescente,Ceu Claro,Dupla,Reta,Urbano,2008,2,0,0,0,1,1,0,2
432785,02/10/2008,Quinta,17:10:00,RN,101,79.3,NATAL,Outras,Colisão frontal,Com Vítimas Fatais,Pleno dia,Decrescente,Nublado,Dupla,Reta,Urbano,2008,2,1,0,0,1,0,0,2
432848,28/09/2008,Domingo,01:00:00,RN,101,97.9,NATAL,Falta de atenção,Colisão traseira,Sem Vítimas,Plena noite,Decrescente,Ceu Claro,Múltipla,Cruzamento,Urbano,2008,2,0,0,0,2,0,0,2
432853,25/09/2008,Quinta,23:50:00,RN,304,301.1,MACAIBA,Desobediência à sinalização,Colisão frontal,Com Vítimas Fatais,Plena noite,Crescente,Ceu Claro,Dupla,Reta,Urbano,2008,2,2,0,0,0,0,0,2
433068,03/10/2008,Sexta,12:30:00,RN,101,114.5,SAO JOSE DE MIPIBU,Falta de atenção,Colisão lateral,Sem Vítimas,Pleno dia,Decrescente,Ceu Claro,Simples,Curva,Rural,2008,2,0,0,0,1,1,0,2
433110,03/10/2008,Sexta,17:10:00,RN,110,47.1,MOSSORO,Falta de atenção,Colisão traseira,Sem Vítimas,Anoitecer,Decrescente,Ceu Claro,Simples,Reta,Urbano,2008,2,0,0,0,2,0,0,2
433149,25/09/2008,Quinta,11:50:00,RN,101,99.7,PARNAMIRIM,Falta de atenção,Colisão lateral,Sem Vítimas,Pleno dia,Decrescente,Ceu Claro,Múltipla,Cruzamento,Urbano,2008,2,0,0,0,2,0,0,2
433184,03/10/2008,Sexta,22:40:00,RN,406,48.5,JANDAIRA,Outras,Colisão traseira,Com Vítimas Feridas,Plena noite,Crescente,Ceu Claro,Simples,Reta,Rural,2008,3,0,0,2,1,0,2,2
433193,03/10/2008,Sexta,08:40:00,RN,110,48.3,MOSSORO,Falta de atenção,Colisão lateral,Sem Vítimas,Pleno dia,Decrescente,Ceu Claro,Simples,Curva,Urbano,2008,2,0,0,0,1,1,0,2
433195,25/09/2008,Quinta,17:45:00,RN,101,97.6,NATAL,Falta de atenção,Colisão lateral,Sem Vítimas,Anoitecer,Decrescente,Ceu Claro,Múltipla,Cruzamento,Urbano,2008,2,0,0,0,2,0,0,2
433288,18/09/2008,Quinta,08:10:00,RN,101,168.2,CANGUARETAMA,Falta de atenção,Colisão lateral,Sem Vítimas,Pleno dia,Decrescente,Sol,Simples,Reta,Rural,2008,2,0,0,0,2,0,0,2
433291,02/10/2008,Quinta,22:20:00,RN,304,303.1,MACAIBA,Animais na Pista,Atropelamento de animal,Com Vítimas Feridas,Plena noite,Crescente,Ceu Claro,Dupla,Reta,Urbano,2008,1,0,1,0,0,0,1,1
433516,04/10/2008,Sábado,16:35:00,RN,101,84.4,SAO GONCALO DO AMARANTE,Falta de atenção,Atropelamento de pessoa,Com Vítimas Feridas,Pleno dia,Crescente,Ceu Claro,Dupla,Reta,Urbano,2008,2,0,0,1,1,0,1,1
433519,04/10/2008,Sábado,14:20:00,RN,101,58.5,CEARA-MIRIM,Falta de atenção,Colisão Transversal,Com Vítimas Feridas,Pleno dia,Decrescente,Ceu Claro,Simples,Reta,Rural,2008,2,0,1,0,1,0,1,2
433575,04/10/2008,Sábado,22:15:00,RN,101,83.2,NATAL,Não guardar distância de segurança,Colisão traseira,Sem Vítimas,Plena noite,Decrescente,Ignorada,Dupla,Reta,Urbano,2008,3,0,0,0,1,2,0,3
433730,02/10/2008,Quinta,06:50:00,RN,304,36.0,MOSSORO,Outras,Tombamento,Com Vítimas Feridas,Pleno dia,Crescente,Sol,Simples,Cruzamento,Urbano,2008,3,0,1,0,1,1,1,3
433773,05/10/2008,Domingo,06:30:00,RN,226,57.0,BOM JESUS,Ultrapassagem indevida,Colisão frontal,Com Vítimas Feridas,Amanhecer,Decrescente,Ceu Claro,Simples,Reta,Rural,2008,5,0,3,1,1,0,4,2
433791,05/10/2008,Domingo,12:10:00,RN,101,95.5,NATAL,Outras,Colisão com objeto móvel,Sem Vítimas,Pleno dia,Crescente,Ceu Claro,Dupla,Reta,Urbano,2008,2,0,0,0,2,0,0,2
433796,05/10/2008,Domingo,12:20:00,RN,406,168.0,SAO GONCALO DO AMARANTE,Falta de atenção,Colisão lateral,Sem Vítimas,Pleno dia,Crescente,Ceu Claro,Simples,Reta,Urbano,2008,2,0,0,0,2,0,0,2
433808,05/10/2008,Domingo,10:30:00,RN,406,112.6,POCO BRANCO,Falta de atenção,Colisão com bicicleta,Com Vítimas Fatais,Pleno dia,Decrescente,Nublado,Simples,Reta,Rural,2008,2,1,0,0,1,0,0,2
433818,05/10/2008,Domingo,17:15:00,RN,304,296.0,MACAIBA,Falta de atenção,Colisão traseira,Sem Vítimas,Anoitecer,Crescente,Ceu Claro,Simples,Reta,Urbano,2008,2,0,0,0,2,0,0,2
433820,05/10/2008,Domingo,15:15:00,RN,101,138.8,ARES,Falta de atenção,Colisão traseira,Com Vítimas Feridas,Pleno dia,Crescente,Ceu Claro,Simples,Reta,Rural,2008,2,0,1,0,1,0,1,2
433873,03/10/2008,Sexta,15:00:00,RN,101,129.9,SAO JOSE DE MIPIBU,Não guardar distância de segurança,Colisão traseira,Sem Vítimas,Pleno dia,Decrescente,Ceu Claro,Simples,Curva,Rural,2008,3,0,0,0,3,0,0,3
434023,02/10/2008,Quinta,22:15:00,RN,226,46.3,BOM JESUS,Falta de atenção,Tombamento,Sem Vítimas,Plena noite,Decrescente,Ceu Claro,Simples,Reta,Rural,2008,1,0,0,0,1,0,0,1
434177,02/10/2008,Quinta,07:35:00,RN,101,104.4,PARNAMIRIM,Desobediência à sinalização,Colisão Transversal,Com Vítimas Feridas,Pleno dia,Crescente,Ceu Claro,Dupla,Cruzamento,Urbano,2008,2,0,1,0,1,0,1,2
434195,06/10/2008,Segunda,10:40:00,RN,101,97.3,NATAL,Falta de atenção,Colisão traseira,Sem Vítimas,Pleno dia,Decrescente,Ceu Claro,Dupla,Cruzamento,Urbano,2008,2,0,0,0,2,0,0,2
434207,06/10/2008,Segunda,12:00:00,RN,101,99.8,NATAL,Falta de atenção,Colisão traseira,Com Vítimas Feridas,Pleno dia,Crescente,Ceu Claro,Dupla,Cruzamento,Urbano,2008,2,0,1,0,1,0,1,2
434334,06/10/2008,Segunda,10:45:00,RN,304,293.4,MACAIBA,Não guardar distância de segurança,Colisão traseira,Com Vítimas Feridas,Pleno dia,Crescente,Sol,Simples,Reta,Rural,2008,4,0,1,0,3,0,1,3
434362,06/10/2008,Segunda,18:00:00,RN,101,98.5,NATAL,Outras,Colisão lateral,Sem Vítimas,Plena noite,Crescente,Ceu Claro,Dupla,Reta,Urbano,2008,2,0,0,0,2,0,0,2
434373,06/10/2008,Segunda,15:20:00,RN,101,97.8,NATAL,Falta de atenção,Colisão lateral,Sem Vítimas,Pleno dia,Decrescente,Ceu Claro,Dupla,Cruzamento,Urbano,2008,2,0,0,0,1,1,0,2
434446,06/10/2008,Segunda,22:40:00,RN,101,128.2,SAO JOSE DE MIPIBU,Falta de atenção,Queda de motocicleta / bicicleta / veículo,Com Vítimas Feridas,Plena noite,Decrescente,Ceu Claro,Simples,Reta,Rural,2008,1,0,0,1,0,0,1,1
434456,02/10/2008,Quinta,16:30:00,RN,101,97.8,NATAL,Não guardar distância de segurança,Colisão traseira,Sem Vítimas,Pleno dia,Crescente,Sol,Múltipla,Cruzamento,Urbano,2008,2,0,0,0,2,0,0,2
434680,06/10/2008,Segunda,10:30:00,RN,304,126.2,MOSSORO,Outras,Capotamento,Sem Vítimas,Pleno dia,Crescente,Sol,Simples,Reta,Rural,2008,3,0,0,0,2,1,0,2
434800,07/10/2008,Terça,15:20:00,RN,101,84.0,SAO GONCALO DO AMARANTE,Não guardar distância de segurança,Colisão traseira,Sem Vítimas,Pleno dia,Crescente,Ceu Claro,Dupla,Reta,Urbano,2008,2,0,0,0,2,0,0,2
434966,03/10/2008,Sexta,22:00:00,RN,101,95.5,NATAL,Não guardar distância de segurança,Colisão traseira,Sem Vítimas,Plena noite,Crescente,Ceu Claro,Múltipla,Reta,Urbano,2008,2,0,0,0,2,0,0,2
435071,04/10/2008,Sábado,10:45:00,RN,304,173.5,LAJES,Outras,Colisão frontal,Com Vítimas Fatais,Pleno dia,Crescente,Ceu Claro,Simples,Reta,Rural,2008,5,1,2,1,1,0,3,3
435211,06/10/2008,Segunda,18:50:00,RN,101,96.8,NATAL,Não guardar distância de segurança,Colisão traseira,Sem Vítimas,Plena noite,Decrescente,Ceu Claro,Simples,Cruzamento,Urbano,2008,2,0,0,0,2,0,0,2
435216,04/10/2008,Sábado,17:00:00,RN,226,61.8,SENADOR ELOI DE SOUZA,Outras,Colisão Transversal,Com Vítimas Fatais,Anoitecer,Crescente,Ceu Claro,Simples,Reta,Rural,2008,2,1,0,0,1,0,0,2
435223,04/10/2008,Sábado,18:40:00,RN,101,80.1,NATAL,Ingestão de álcool,Atropelamento de pessoa,Com Vítimas Feridas,Plena noite,Decrescente,Ceu Claro,Dupla,Reta,Urbano,2008,2,0,1,0,1,0,1,1
435228,08/10/2008,Quarta,10:50:00,RN,304,89.8,ASSU,Ultrapassagem indevida,Colisão lateral,Sem Vítimas,Pleno dia,Crescente,Sol,Simples,Reta,Rural,2008,3,0,0,0,3,0,0,2
435234,23/09/2008,Terça,18:30:00,RN,304,119.0,ASSU,Defeito mecânico em veículo,Colisão traseira,Com Vítimas Feridas,Plena noite,Crescente,Ignorada,Simples,Reta,Rural,2008,2,0,1,0,1,0,1,2
435275,29/09/2008,Segunda,13:00:00,RN,405,1.5,MOSSORO,Desobediência à sinalização,Colisão frontal,Sem Vítimas,Pleno dia,Crescente,Ceu Claro,Dupla,Reta,Urbano,2008,2,0,0,0,2,0,0,2
435314,08/10/2008,Quarta,11:30:00,RN,101,83.1,NATAL,Falta de atenção,Colisão Transversal,Sem Vítimas,Pleno dia,Decrescente,Ceu Claro,Dupla,Reta,Urbano,2008,2,0,0,0,2,0,0,2
435315,04/10/2008,Sábado,15:40:00,RN,406,103.0,JOAO CAMARA,Falta de atenção,Colisão Transversal,Sem Vítimas,Pleno dia,Decrescente,Ceu Claro,Simples,Reta,Urbano,2008,2,0,0,0,2,0,0,2
435379,08/10/2008,Quarta,18:00:00,RN,427,95.8,CAICO,Outras,Atropelamento de pessoa,Com Vítimas Feridas,Anoitecer,Decrescente,Ceu Claro,Simples,Reta,Urbano,2008,2,0,0,1,1,0,1,1
435381,30/09/2008,Terça,22:05:00,RN,101,85.2,NATAL,Não guardar distância de segurança,Colisão Transversal,Sem Vítimas,Plena noite,Decrescente,Ceu Claro,Múltipla,Reta,Urbano,2008,2,0,0,0,2,0,0,2
435716,08/10/2008,Quarta,17:35:00,RN,304,26.0,MOSSORO,Animais na Pista,Atropelamento de animal,Sem Vítimas,Anoitecer,Decrescente,Ceu Claro,Simples,Reta,Urbano,2008,1,0,0,0,1,0,0,1
435793,09/10/2008,Quinta,12:20:00,RN,304,39.7,MOSSORO,Falta de atenção,Colisão Transversal,Sem Vítimas,Pleno dia,Crescente,Ceu Claro,Simples,Reta,Rural,2008,2,0,0,0,2,0,0,2
435825,09/10/2008,Quinta,18:30:00,RN,101,83.2,NATAL,Não guardar distância de segurança,Colisão traseira,Sem Vítimas,Plena noite,Decrescente,Ceu Claro,Dupla,Reta,Urbano,2008,5,0,0,0,5,0,0,5
435826,09/10/2008,Quinta,10:35:00,RN,304,305.8,PARNAMIRIM,Outras,Capotamento,Sem Vítimas,Pleno dia,Crescente,Nublado,Dupla,Reta,Rural,2008,1,0,0,0,1,0,0,1
435858,09/10/2008,Quinta,16:10:00,RN,101,99.9,NATAL,Outras,Colisão traseira,Sem Vítimas,Pleno dia,Decrescente,Ceu Claro,Dupla,Cruzamento,Urbano,2008,3,0,0,0,3,0,0,3
435881,09/10/2008,Quinta,14:00:00,RN,101,95.1,NATAL,Falta de atenção,Colisão lateral,Sem Vítimas,Pleno dia,Crescente,Ceu Claro,Dupla,Reta,Urbano,2008,2,0,0,0,2,0,0,2
435886,09/10/2008,Quinta,20:00:00,RN,101,132.3,SAO JOSE DE MIPIBU,Animais na Pista,Atropelamento de animal,Sem Vítimas,Plena noite,Decrescente,Ceu Claro,Simples,Reta,Rural,2008,1,0,0,0,1,0,0,1
435889,09/10/2008,Quinta,22:45:00,RN,101,99.6,NATAL,Falta de atenção,Colisão traseira,Sem Vítimas,Plena noite,Crescente,Ceu Claro,Múltipla,Reta,Urbano,2008,2,0,0,0,1,1,0,2
435929,09/10/2008,Quinta,18:25:00,RN,101,96.8,NATAL,Falta de atenção,Colisão lateral,Sem Vítimas,Plena noite,Crescente,Ceu Claro,Dupla,Reta,Urbano,2008,2,0,0,0,2,0,0,2
435934,09/10/2008,Quinta,18:10:00,RN,405,0.4,MOSSORO,Falta de atenção,Colisão lateral,Sem Vítimas,Plena noite,Decrescente,Ceu Claro,Simples,Reta,Urbano,2008,2,0,0,0,2,0,0,2
435946,10/10/2008,Sexta,04:30:00,RN,304,53.3,MOSSORO,Animais na Pista,Atropelamento de animal,Sem Vítimas,Amanhecer,Decrescente,Ceu Claro,Simples,Reta,Rural,2008,1,0,0,0,1,0,0,1
435949,10/10/2008,Sexta,02:40:00,RN,101,99.0,NATAL,Animais na Pista,Atropelamento de animal,Com Vítimas Feridas,Plena noite,Crescente,Nublado,Dupla,Reta,Urbano,2008,2,0,2,0,0,0,2,1
435969,07/10/2008,Terça,05:30:00,RN,304,302.1,MACAIBA,Não guardar distância de segurança,Colisão lateral,Com Vítimas Feridas,Amanhecer,Crescente,Ceu Claro,Dupla,Reta,Urbano,2008,3,0,2,0,1,0,2,2
436000,06/10/2008,Segunda,12:50:00,RN,101,83.0,SAO GONCALO DO AMARANTE,Falta de atenção,Colisão Transversal,Sem Vítimas,Pleno dia,Decrescente,Ceu Claro,Dupla,Cruzamento,Urbano,2008,2,0,0,0,2,0,0,2
436073,10/10/2008,Sexta,10:40:00,RN,101,118.5,SAO JOSE DE MIPIBU,Não guardar distância de segurança,Colisão traseira,Sem Vítimas,Pleno dia,Decrescente,Ceu Claro,Simples,Reta,Rural,2008,2,0,0,0,2,0,0,2
436143,10/10/2008,Sexta,14:00:00,RN,101,104.6,PARNAMIRIM,Falta de atenção,Colisão traseira,Com Vítimas Feridas,Pleno dia,Decrescente,Ceu Claro,Múltipla,Cruzamento,Urbano,2008,2,0,1,0,0,1,1,2
436217,10/10/2008,Sexta,11:10:00,RN,101,106.2,PARNAMIRIM,Falta de atenção,Colisão Transversal,Sem Vítimas,Pleno dia,Decrescente,Sol,Dupla,Cruzamento,Urbano,2008,2,0,0,0,2,0,0,2