id,data_inversa,dia_semana,horario,uf,br,km,municipio,causa_acidente,tipo_acidente,classificacao_acidente,fase_dia,sentido_via,condicao_metereologica,tipo_pista,tracado_via,uso_solo,ano,pessoas,mortos,feridos_leves,feridos_graves,ilesos,ignorados,feridos,veiculos
436235,02/10/2008,Quinta,18:00:00,RN,101,84.7,NATAL,Defeito mecânico em veículo,Colisão traseira,Com Vítimas Feridas,Plena noite,Decrescente,Ceu Claro,Simples,Reta,Urbano,2008,3,0,2,0,1,0,2,2
436242,10/10/2008,Sexta,08:05:00,RN,101,97.0,NATAL,Falta de atenção,Colisão traseira,Com Vítimas Feridas,Pleno dia,Decrescente,Ceu Claro,Múltipla,Cruzamento,Urbano,2008,2,0,1,0,1,0,1,2
436295,10/10/2008,Sexta,18:30:00,RN,226,182.5,CURRAIS NOVOS,Defeito mecânico em veículo,Capotamento,Com Vítimas Feridas,Plena noite,Decrescente,Ceu Claro,Simples,Curva,Rural,2008,1,0,1,0,0,0,1,1
436391,07/10/2008,Terça,18:00:00,RN,101,106.0,PARNAMIRIM,Outras,Atropelamento de pessoa,Com Vítimas Feridas,Plena noite,Decrescente,Ceu Claro,Dupla,Reta,Urbano,2008,2,0,0,1,0,1,1,1
436526,11/10/2008,Sábado,13:00:00,RN,304,30.2,MOSSORO,Outras,Colisão com objeto móvel,Com Vítimas Feridas,Pleno dia,Crescente,Ceu Claro,Simples,Reta,Rural,2008,2,0,1,0,1,0,1,2
436532,08/10/2008,Quarta,06:50:00,RN,101,106.8,PARNAMIRIM,Não guardar distância de segurança,Colisão traseira,Sem Vítimas,Pleno dia,Decrescente,Ceu Claro,Dupla,Cruzamento,Urbano,2008,2,0,0,0,2,0,0,2
436630,06/10/2008,Segunda,16:30:00,RN,110,48.5,MOSSORO,Falta de atenção,Colisão traseira,Sem Vítimas,Pleno dia,Decrescente,Ceu Claro,Dupla,Reta,Urbano,2008,2,0,0,0,2,0,0,2
436639,08/10/2008,Quarta,05:50:00,RN,226,12.5,MACAIBA,Falta de atenção,Colisão lateral,Com Vítimas Feridas,Amanhecer,Crescente,Ceu Claro,Simples,Curva,Urbano,2008,2,0,1,0,0,1,1,2
436658,11/10/2008,Sábado,16:10:00,RN,101,102.0,PARNAMIRIM,Falta de atenção,Colisão lateral,Sem Vítimas,Pleno dia,Decrescente,Ceu Claro,Dupla,Reta,Urbano,2008,2,0,0,0,2,0,0,2
436666,11/10/2008,Sábado,20:45:00,RN,406,160.8,CEARA-MIRIM,Ingestão de álcool,Atropelamento de pessoa,Com Vítimas Feridas,Plena noite,Crescente,Ceu Claro,Simples,Reta,Urbano,2008,2,0,0,1,0,1,1,1
436743,11/10/2008,Sábado,19:45:00,RN,101,157.0,GOIANINHA,Outras,Colisão frontal,Com Vítimas Fatais,Plena noite,Decrescente,Ceu Claro,Simples,Reta,Rural,2008,2,1,0,0,0,1,0,2
436758,11/10/2008,Sábado,23:00:00,RN,304,38.1,MOSSORO,Falta de atenção,Colisão traseira,Com Vítimas Feridas,Plena noite,Decrescente,Ceu Claro,Simples,Reta,Urbano,2008,3,0,2,0,0,1,2,2
436824,18/09/2008,Quinta,13:40:00,RN,406,122.9,POCO BRANCO,Dormindo,Saída de Pista,Sem Vítimas,Pleno dia,Decrescente,Ceu Claro,Simples,Reta,Rural,2008,1,0,0,0,1,0,0,1
436871,09/10/2008,Quinta,00:25:00,RN,304,299.2,MACAIBA,Outras,Incêndio,Com Vítimas Feridas,Plena noite,Decrescente,Ceu Claro,Múltipla,Reta,Urbano,2008,1,0,0,1,0,0,1,1
436956,12/10/2008,Domingo,15:40:00,RN,226,5.2,NATAL,Outras,Colisão lateral,Sem Vítimas,Pleno dia,Crescente,Ceu Claro,Simples,Reta,Urbano,2008,2,0,0,0,2,0,0,2
436990,22/09/2008,Segunda,18:15:00,RN,101,98.2,NATAL,Falta de atenção,Colisão traseira,Sem Vítimas,Plena noite,Decrescente,Ceu Claro,Dupla,Reta,Urbano,2008,2,0,0,0,2,0,0,2
436999,12/10/2008,Domingo,15:05:00,RN,304,45.0,MOSSORO,Ultrapassagem indevida,Colisão traseira,Com Vítimas Feridas,Pleno dia,Decrescente,Ceu Claro,Simples,Cruzamento,Urbano,2008,3,0,1,0,2,0,1,2
437069,12/10/2008,Domingo,10:50:00,RN,101,66.1,CEARA-MIRIM,Outras,Queda de motocicleta / bicicleta / veículo,Com Vítimas Feridas,Pleno dia,Decrescente,Ceu Claro,Simples,Reta,Rural,2008,2,0,1,1,0,0,2,1
437111,08/10/2008,Quarta,17:45:00,RN,101,170.0,BAIA FORMOSA,Falta de atenção,Colisão traseira,Sem Vítimas,Pleno dia,Decrescente,Sol,Simples,Reta,Rural,2008,2,0,0,0,2,0,0,2
437115,13/10/2008,Segunda,00:15:00,RN,101,102.0,NATAL,Falta de atenção,Colisão traseira,Sem Vítimas,Plena noite,Crescente,Chuva,Dupla,Cruzamento,Urbano,2008,2,0,0,0,2,0,0,2
437136,01/10/2008,Quarta,06:50:00,RN,101,101.8,PARNAMIRIM,Falta de atenção,Colisão traseira,Sem Vítimas,Pleno dia,Decrescente,Ceu Claro,Dupla,Reta,Urbano,2008,2,0,0,0,2,0,0,2
437199,12/10/2008,Domingo,16:30:00,RN,304,108.0,ASSU,Ultrapassagem indevida,Colisão traseira,Sem Vítimas,Pleno dia,Crescente,Ceu Claro,Simples,Reta,Rural,2008,2,0,0,0,1,1,0,2
437220,13/10/2008,Segunda,09:30:00,RN,101,114.9,SAO JOSE DE MIPIBU,Outras,Colisão com objeto fixo,Com Vítimas Feridas,Pleno dia,Decrescente,Nublado,Simples,Reta,Urbano,2008,2,0,1,0,1,0,1,2
437268,13/10/2008,Segunda,07:40:00,RN,304,288.2,MACAIBA,Outras,Saída de Pista,Com Vítimas Feridas,Pleno dia,Crescente,Chuva,Simples,Reta,Rural,2008,4,0,4,0,0,0,4,1
437269,13/10/2008,Segunda,11:30:00,RN,101,98.9,NATAL,Não guardar distância de segurança,Colisão traseira,Sem Vítimas,Pleno dia,Crescente,Sol,Dupla,Reta,Urbano,2008,2,0,0,0,2,0,0,2
437588,14/10/2008,Terça,05:40:00,RN,226,143.0,CAMPO REDONDO,Outras,Colisão traseira,Com Vítimas Feridas,Amanhecer,Crescente,Ceu Claro,Simples,Reta,Rural,2008,2,0,0,1,1,0,1,2
437673,06/10/2008,Segunda,13:30:00,RN,101,96.8,NATAL,Falta de atenção,Colisão traseira,Sem Vítimas,Pleno dia,Decrescente,Ceu Claro,Dupla,Reta,Urbano,2008,3,0,0,0,3,0,0,3
437689,10/10/2008,Sexta,06:50:00,RN,101,97.0,NATAL,Falta de atenção,Colisão traseira,Sem Vítimas,Pleno dia,Decrescente,Ceu Claro,Dupla,Reta,Urbano,2008,2,0,0,0,2,0,0,2
437701,10/10/2008,Sexta,06:50:00,RN,101,97.0,NATAL,Falta de atenção,Colisão traseira,Sem Vítimas,Pleno dia,Crescente,Ceu Claro,Múltipla,Reta,Urbano,2008,4,0,0,0,4,0,0,4
437788,11/10/2008,Sábado,21:20:00,RN,101,97.0,NATAL,Ingestão de álcool,Colisão traseira,Sem Vítimas,Pleno dia,Decrescente,Ceu Claro,Múltipla,Cruzamento,Urbano,2008,2,0,0,0,2,0,0,2
437825,14/10/2008,Terça,10:40:00,RN,406,31.6,GUAMARE,Desobediência à sinalização,Colisão Transversal,Com Vítimas Feridas,Pleno dia,Decrescente,Ceu Claro,Simples,Reta,Rural,2008,2,0,1,0,1,0,1,2
437880,06/10/2008,Segunda,11:00:00,RN,226,2.2,NATAL,Outras,Colisão Transversal,Sem Vítimas,Pleno dia,Decrescente,Sol,Simples,Cruzamento,Urbano,2008,2,0,0,0,2,0,0,2
437881,14/10/2008,Terça,19:00:00,RN,304,17.8,MOSSORO,Animais na Pista,Saída de Pista,Sem Vítimas,Plena noite,Decrescente,Ceu Claro,Simples,Reta,Rural,2008,1,0,0,0,1,0,0,1
437921,14/10/2008,Terça,08:40:00,RN,101,97.7,NATAL,Falta de atenção,Colisão traseira,Sem Vítimas,Pleno dia,Decrescente,Ceu Claro,Dupla,Reta,Urbano,2008,2,0,0,0,1,1,0,2
437932,14/10/2008,Terça,11:00:00,RN,101,107.1,PARNAMIRIM,Falta de atenção,Colisão lateral,Sem Vítimas,Pleno dia,Crescente,Ceu Claro,Dupla,Reta,Urbano,2008,2,0,0,0,2,0,0,2
438016,15/10/2008,Quarta,02:50:00,RN,101,95.8,NATAL,Falta de atenção,Colisão lateral,Sem Vítimas,Plena noite,Decrescente,Chuva,Dupla,Reta,Urbano,2008,2,0,0,0,2,0,0,2
438113,11/10/2008,Sábado,08:40:00,RN,101,97.1,NATAL,Não guardar distância de segurança,Colisão traseira,Sem Vítimas,Pleno dia,Crescente,Sol,Dupla,Reta,Urbano,2008,2,0,0,0,2,0,0,2
438171,11/10/2008,Sábado,22:30:00,RN,406,81.3,JOAO CAMARA,Dormindo,Saída de Pista,Com Vítimas Feridas,Plena noite,Crescente,Ceu Claro,Simples,Reta,Rural,2008,1,0,1,0,0,0,1,1
438215,15/10/2008,Quarta,10:20:00,RN,101,98.0,NATAL,Falta de atenção,Colisão traseira,Sem Vítimas,Pleno dia,Decrescente,Ceu Claro,Dupla,Reta,Urbano,2008,2,0,0,0,2,0,0,2
438243,15/10/2008,Quarta,15:00:00,RN,101,82.9,NATAL,Não guardar distância de segurança,Colisão lateral,Sem Vítimas,Pleno dia,Crescente,Ceu Claro,Dupla,Curva,Urbano,2008,2,0,0,0,2,0,0,2
438290,15/10/2008,Quarta,13:40:00,RN,101,129.7,SAO JOSE DE MIPIBU,Falta de atenção,Colisão traseira,Sem Vítimas,Pleno dia,Decrescente,Ceu Claro,Simples,Curva,Rural,2008,2,0,0,0,2,0,0,2
438305,13/10/2008,Segunda,04:45:00,RN,304,296.9,MACAIBA,Falta de atenção,Colisão traseira,Sem Vítimas,Amanhecer,Decrescente,Chuva,Simples,Reta,Urbano,2008,2,0,0,0,2,0,0,2
438343,11/10/2008,Sábado,07:50:00,RN,304,250.0,RIACHUELO,Falta de atenção,Colisão Transversal,Sem Vítimas,Pleno dia,Decrescente,Sol,Simples,Reta,Rural,2008,2,0,0,0,2,0,0,2
438376,15/10/2008,Quarta,08:00:00,RN,101,103.0,PARNAMIRIM,Falta de atenção,Colisão lateral,Sem Vítimas,Pleno dia,Crescente,Nevoeiro/neblina,Múltipla,Reta,Urbano,2008,2,0,0,0,2,0,0,2
438417,15/10/2008,Quarta,22:00:00,RN,304,39.2,MOSSORO,Desobediência à sinalização,Colisão lateral,Sem Vítimas,Plena noite,Decrescente,Ceu Claro,Simples,Reta,Urbano,2008,2,0,0,0,2,0,0,2
438421,12/10/2008,Domingo,03:40:00,RN,304,240.3,RIACHUELO,Falta de atenção,Colisão Transversal,Com Vítimas Fatais,Plena noite,Decrescente,Ceu Claro,Simples,Curva,Urbano,2008,3,1,0,1,0,1,1,2
438536,16/10/2008,Quinta,08:20:00,RN,101,128.3,SAO JOSE DE MIPIBU,Não guardar distância de segurança,Colisão traseira,Sem Vítimas,Pleno dia,Decrescente,Nublado,Simples,Reta,Rural,2008,2,0,0,0,2,0,0,2
438638,12/10/2008,Domingo,19:30:00,RN,304,280.6,MACAIBA,Falta de atenção,Saída de Pista,Sem Vítimas,Plena noite,Crescente,Ceu Claro,Simples,Reta,Rural,2008,1,0,0,0,1,0,0,1
438650,16/10/2008,Quinta,09:15:00,RN,101,104.0,PARNAMIRIM,Outras,Colisão traseira,Sem Vítimas,Pleno dia,Crescente,Chuva,Dupla,Curva,Urbano,2008,2,0,0,0,2,0,0,2
438660,16/10/2008,Quinta,10:10:00,RN,101,104.0,PARNAMIRIM,Não guardar distância de segurança,Colisão traseira,Sem Vítimas,Pleno dia,Crescente,Ceu Claro,Dupla,Curva,Urbano,2008,2,0,0,0,2,0,0,2
438688,16/10/2008,Quinta,15:00:00,RN,101,128.0,SAO JOSE DE MIPIBU,Outras,Saída de Pista,Com Vítimas Feridas,Pleno dia,Crescente,Ceu Claro,Simples,Reta,Rural,2008,2,0,2,0,0,0,2,1
438697,16/10/2008,Quinta,18:40:00,RN,304,283.0,MACAIBA,Falta de atenção,Colisão lateral,Com Vítimas Feridas,Plena noite,Crescente,Ceu Claro,Simples,Reta,Rural,2008,2,0,1,0,0,1,1,2
438887,13/10/2008,Segunda,10:40:00,RN,101,95.1,NATAL,Falta de atenção,Colisão traseira,Com Vítimas Feridas,Pleno dia,Decrescente,Ceu Claro,Múltipla,Reta,Urbano,2008,2,0,1,0,1,0,1,2
438936,11/10/2008,Sábado,18:30:00,RN,101,108.7,PARNAMIRIM,Falta de atenção,Colisão lateral,Sem Vítimas,Plena noite,Crescente,Ceu Claro,Dupla,Reta,Urbano,2008,2,0,0,0,2,0,0,2
438948,11/10/2008,Sábado,21:30:00,RN,101,118.0,SAO JOSE DE MIPIBU,Falta de atenção,Colisão lateral,Sem Vítimas,Anoitecer,Crescente,Ceu Claro,Simples,Reta,Rural,2008,2,0,0,0,2,0,0,2
438979,17/10/2008,Sexta,08:20:00,RN,101,99.1,NATAL,Falta de atenção,Colisão Transversal,Com Vítimas Feridas,Pleno dia,Crescente,Ceu Claro,Dupla,Cruzamento,Urbano,2008,3,0,1,0,2,0,1,2
438980,12/10/2008,Domingo,02:00:00,RN,101,97.0,NATAL,Desobediência à sinalização,Colisão Transversal,Sem Vítimas,Plena noite,Crescente,Chuva,Múltipla,Reta,Urbano,2008,2,0,0,0,2,0,0,2
439034,05/10/2008,Domingo,23:15:00,RN,304,256.6,SANTA MARIA,Animais na Pista,Atropelamento de animal,Sem Vítimas,Plena noite,Crescente,Ceu Claro,Simples,Reta,Rural,2008,2,0,0,0,2,0,0,2
439050,14/10/2008,Terça,13:50:00,RN,101,103.0,PARNAMIRIM,Falta de atenção,Colisão traseira,Com Vítimas Feridas,Pleno dia,Crescente,Ceu Claro,Dupla,Reta,Urbano,2008,2,0,1,0,1,0,1,2
439129,17/10/2008,Sexta,17:55:00,RN,101,131.0,SAO JOSE DE MIPIBU,Falta de atenção,Colisão lateral,Sem Vítimas,Pleno dia,Decrescente,Ceu Claro,Simples,Curva,Rural,2008,2,0,0,0,2,0,0,2
439203,15/10/2008,Quarta,09:50:00,RN,304,76.9,MOSSORO,Outras,Colisão com objeto móvel,Sem Vítimas,Pleno dia,Decrescente,Sol,Simples,Reta,Rural,2008,1,0,0,0,1,0,0,1
439281,17/10/2008,Sexta,09:30:00,RN,101,98.0,NATAL,Falta de atenção,Colisão lateral,Sem Vítimas,Pleno dia,Decrescente,Ceu Claro,Dupla,Reta,Urbano,2008,2,0,0,0,2,0,0,2
439283,17/10/2008,Sexta,17:50:00,RN,101,96.0,NATAL,Falta de atenção,Colisão traseira,Sem Vítimas,Plena noite,Decrescente,Ceu Claro,Dupla,Reta,Urbano,2008,2,0,0,0,2,0,0,2
439329,17/10/2008,Sexta,16:10:00,RN,101,99.6,NATAL,Outras,Colisão traseira,Sem Vítimas,Pleno dia,Crescente,Ceu Claro,Dupla,Reta,Urbano,2008,2,0,0,0,2,0,0,2
439332,17/10/2008,Sexta,18:00:00,RN,101,95.8,NATAL,Outras,Colisão lateral,Sem Vítimas,Anoitecer,Crescente,Ceu Claro,Dupla,Reta,Urbano,2008,2,0,0,0,2,0,0,2
439338,18/10/2008,Sábado,04:00:00,RN,101,102.0,PARNAMIRIM,Outras,Colisão com objeto fixo,Sem Vítimas,Amanhecer,Decrescente,Ceu Claro,Dupla,Reta,Urbano,2008,1,0,0,0,1,0,0,1
439343,18/10/2008,Sábado,05:15:00,RN,304,24.3,MOSSORO,Outras,Saída de Pista,Sem Vítimas,Amanhecer,Decrescente,Sol,Simples,Cruzamento,Rural,2008,1,0,0,0,1,0,0,1
439605,18/10/2008,Sábado,17:30:00,RN,101,130.2,SAO JOSE DE MIPIBU,Falta de atenção,Colisão traseira,Sem Vítimas,Anoitecer,Decrescente,Ceu Claro,Simples,Reta,Rural,2008,2,0,0,0,2,0,0,2
439648,19/10/2008,Domingo,00:50:00,RN,101,97.1,NATAL,Animais na Pista,Atropelamento de animal,Sem Vítimas,Plena noite,Decrescente,Ceu Claro,Dupla,Reta,Urbano,2008,1,0,0,0,1,0,0,1
439678,18/10/2008,Sábado,20:00:00,RN,304,55.9,MOSSORO,Defeito mecânico em veículo,Saída de Pista,Sem Vítimas,Plena noite,Crescente,Ceu Claro,Simples,Reta,Rural,2008,1,0,0,0,1,0,0,1
439691,19/10/2008,Domingo,03:00:00,RN,405,2.8,MOSSORO,Falta de atenção,Saída de Pista,Com Vítimas Feridas,Plena noite,Crescente,Ceu Claro,Dupla,Curva,Urbano,2008,2,0,0,1,0,1,1,1
439694,19/10/2008,Domingo,03:00:00,RN,304,24.3,MOSSORO,Falta de atenção,Saída de Pista,Sem Vítimas,Plena noite,Crescente,Ceu Claro,Simples,Curva,Rural,2008,3,0,0,0,3,0,0,1
439769,16/10/2008,Quinta,02:40:00,RN,101,99.9,PARNAMIRIM,Ingestão de álcool,Colisão Transversal,Com Vítimas Feridas,Plena noite,Decrescente,Ceu Claro,Dupla,Reta,Urbano,2008,2,0,1,0,1,0,1,2
439895,19/10/2008,Domingo,16:30:00,RN,110,46.9,MOSSORO,Outras,Colisão Transversal,Sem Vítimas,Pleno dia,Crescente,Sol,Simples,Cruzamento,Urbano,2008,2,0,0,0,1,1,0,2
439972,11/10/2008,Sábado,07:30:00,RN,304,229.5,RIACHUELO,Falta de atenção,Saída de Pista,Com Vítimas Feridas,Pleno dia,Decrescente,Ceu Claro,Simples,Curva,Rural,2008,1,0,1,0,0,0,1,1
440001,16/10/2008,Quinta,05:50:00,RN,101,107.0,PARNAMIRIM,Falta de atenção,Colisão traseira,Sem Vítimas,Amanhecer,Crescente,Ceu Claro,Dupla,Reta,Urbano,2008,2,0,0,0,2,0,0,2
440147,18/10/2008,Sábado,03:20:00,RN,101,99.8,NATAL,Outras,Colisão lateral,Sem Vítimas,Plena noite,Crescente,Ceu Claro,Múltipla,Reta,Urbano,2008,5,0,0,0,5,0,0,2
440191,18/10/2008,Sábado,12:15:00,RN,101,82.9,NATAL,Falta de atenção,Colisão Transversal,Sem Vítimas,Pleno dia,Decrescente,Sol,Dupla,Cruzamento,Urbano,2008,2,0,0,0,2,0,0,2
440196,08/10/2008,Quarta,14:20:00,RN,101,1.0,SAO JOSE DE MIPIBU,Desobediência à sinalização,Colisão lateral,Sem Vítimas,Pleno dia,Crescente,Sol,Simples,Curva,Urbano,2008,2,0,0,0,2,0,0,2
440287,16/10/2008,Quinta,13:20:00,RN,101,98.5,NATAL,Falta de atenção,Colisão lateral,Com Vítimas Feridas,Pleno dia,Crescente,Nublado,Simples,Reta,Urbano,2008,2,0,1,0,1,0,1,2
440294,16/10/2008,Quinta,14:15:00,RN,101,97.9,NATAL,Desobediência à sinalização,Colisão traseira,Sem Vítimas,Pleno dia,Decrescente,Sol,Dupla,Curva,Urbano,2008,2,0,0,0,2,0,0,2
440334,16/10/2008,Quinta,19:10:00,RN,101,96.3,NATAL,Falta de atenção,Colisão lateral,Sem Vítimas,Plena noite,Crescente,Ceu Claro,Dupla,Curva,Urbano,2008,2,0,0,0,2,0,0,2
440365,17/10/2008,Sexta,10:20:00,RN,406,156.0,CEARA-MIRIM,Falta de atenção,Colisão traseira,Sem Vítimas,Pleno dia,Decrescente,Ceu Claro,Simples,Reta,Rural,2008,2,0,0,0,2,0,0,2
440378,17/10/2008,Sexta,00:10:00,RN,101,106.3,PARNAMIRIM,Falta de atenção,Colisão traseira,Com Vítimas Feridas,Plena noite,Crescente,Ceu Claro,Dupla,Cruzamento,Urbano,2008,3,0,1,0,2,0,1,2
440381,17/10/2008,Sexta,22:40:00,RN,406,137.8,TAIPU,Falta de atenção,Atropelamento de pessoa,Com Vítimas Fatais,Plena noite,Crescente,Ceu Claro,Simples,Reta,Rural,2008,2,1,0,0,1,0,0,1
440425,19/10/2008,Domingo,16:00:00,RN,101,46.1,CEARA-MIRIM,Animais na Pista,Atropelamento de animal,Sem Vítimas,Pleno dia,Decrescente,Ceu Claro,Simples,Reta,Rural,2008,1,0,0,0,1,0,0,1
440448,16/10/2008,Quinta,20:10:00,RN,226,173.0,CURRAIS NOVOS,Outras,Colisão frontal,Com Vítimas Feridas,Plena noite,Decrescente,Ceu Claro,Simples,Curva,Rural,2008,2,0,1,0,1,0,1,2
440453,20/10/2008,Segunda,19:00:00,RN,101,96.5,NATAL,Falta de atenção,Colisão traseira,Sem Vítimas,Plena noite,Crescente,Ceu Claro,Dupla,Reta,Urbano,2008,2,0,0,0,2,0,0,2
440454,20/10/2008,Segunda,18:15:00,RN,101,97.8,NATAL,Falta de atenção,Colisão lateral,Sem Vítimas,Anoitecer,Crescente,Ceu Claro,Dupla,Reta,Urbano,2008,2,0,0,0,2,0,0,2
440456,18/10/2008,Sábado,18:25:00,RN,101,107.5,PARNAMIRIM,Falta de atenção,Colisão com bicicleta,Com Vítimas Feridas,Plena noite,Decrescente,Ceu Claro,Dupla,Reta,Urbano,2008,2,0,0,1,1,0,1,2
440470,18/10/2008,Sábado,22:20:00,RN,101,98.0,NATAL,Não guardar distância de segurança,Colisão traseira,Sem Vítimas,Plena noite,Crescente,Ceu Claro,Dupla,Reta,Urbano,2008,2,0,0,0,2,0,0,2
440622,17/10/2008,Sexta,09:50:00,RN,101,95.5,NATAL,Falta de atenção,Colisão lateral,Sem Vítimas,Pleno dia,Crescente,Ceu Claro,Simples,Reta,Urbano,2008,3,0,0,0,3,0,0,2
440638,17/10/2008,Sexta,11:30:00,RN,101,130.0,SAO JOSE DE MIPIBU,Falta de atenção,Colisão lateral,Sem Vítimas,Pleno dia,Decrescente,Ceu Claro,Simples,Curva,Rural,2008,2,0,0,0,2,0,0,2
440650,24/09/2008,Quarta,04:00:00,RN,304,181.0,ANGICOS,Desobediência à sinalização,Colisão lateral,Com Vítimas Feridas,Plena noite,Decrescente,Ceu Claro,Simples,Reta,Rural,2008,4,0,1,1,2,0,2,2
440667,17/10/2008,Sexta,16:00:00,RN,101,142.9,ARES,Defeito mecânico em veículo,Colisão Transversal,Com Vítimas Feridas,Pleno dia,Crescente,Ceu Claro,Simples,Reta,Rural,2008,4,0,2,1,1,0,3,2
440739,17/10/2008,Sexta,23:15:00,RN,101,106.5,PARNAMIRIM,Outras,Colisão Transversal,Com Vítimas Feridas,Plena noite,Crescente,Ceu Claro,Dupla,Reta,Urbano,2008,2,0,2,0,0,0,2,2
440780,21/10/2008,Terça,14:45:00,RN,101,107.8,PARNAMIRIM,Falta de atenção,Colisão lateral,Sem Vítimas,Pleno dia,Crescente,Ceu Claro,Dupla,Cruzamento,Urbano,2008,2,0,0,0,2,0,0,2
440871,21/10/2008,Terça,14:30:00,RN,427,2.8,CURRAIS NOVOS,Falta de atenção,Colisão frontal,Com Vítimas Feridas,Pleno dia,Decrescente,Ceu Claro,Simples,Curva,Rural,2008,3,0,0,2,1,0,2,2
440887,21/10/2008,Terça,15:20:00,RN,226,8.5,MACAIBA,Outras,Colisão com objeto fixo,Sem Vítimas,Pleno dia,Decrescente,Ceu Claro,Simples,Curva,Rural,2008,1,0,0,0,1,0,0,1
440900,21/10/2008,Terça,18:00:00,RN,101,95.8,NATAL,Falta de atenção,Colisão lateral,Sem Vítimas,Plena noite,Decrescente,Ceu Claro,Dupla,Reta,Urbano,2008,2,0,0,0,2,0,0,2
440925,18/10/2008,Sábado,19:30:00,RN,101,102.9,PARNAMIRIM,Falta de atenção,Colisão Transversal,Com Vítimas Feridas,Plena noite,Crescente,Ceu Claro,Dupla,Cruzamento,Urbano,2008,5,0,0,4,1,0,4,2
440937,21/10/2008,Terça,07:15:00,RN,101,101.8,PARNAMIRIM,Falta de atenção,Colisão traseira,Com Vítimas Feridas,Pleno dia,Decrescente,Ceu Claro,Múltipla,Reta,Urbano,2008,2,0,1,0,1,0,1,2
441094,18/10/2008,Sábado,15:50:00,RN,101,100.0,NATAL,Não guardar distância de segurança,Colisão traseira,Sem Vítimas,Pleno dia,Decrescente,Ceu Claro,Dupla,Reta,Urbano,2008,2,0,0,0,2,0,0,2
441112,18/10/2008,Sábado,23:30:00,RN,304,280.6,MACAIBA,Outras,Saída de Pista,Com Vítimas Feridas,Plena noite,Crescente,Ceu Claro,Simples,Cruzamento,Rural,2008,2,0,1,0,1,0,1,1
441191,22/10/2008,Quarta,07:15:00,RN,101,96.3,NATAL,Não guardar distância de segurança,Colisão traseira,Sem Vítimas,Pleno dia,Decrescente,Nublado,Dupla,Cruzamento,Urbano,2008,2,0,0,0,2,0,0,2
441193,14/10/2008,Terça,18:25:00,RN,101,97.8,NATAL,Falta de atenção,Colisão traseira,Sem Vítimas,Plena noite,Crescente,Ceu Claro,Múltipla,Cruzamento,Urbano,2008,2,0,0,0,2,0,0,2
441209,22/10/2008,Quarta,08:30:00,RN,101,96.3,NATAL,Falta de atenção,Colisão traseira,Sem Vítimas,Pleno dia,Decrescente,Nublado,Dupla,Cruzamento,Urbano,2008,2,0,0,0,2,0,0,2
441213,22/10/2008,Quarta,09:30:00,RN,101,145.9,SAO JOSE DE MIPIBU,Não guardar distância de segurança,Colisão traseira,Sem Vítimas,Pleno dia,Decrescente,Sol,Simples,Reta,Urbano,2008,2,0,0,0,2,0,0,2
441224,19/10/2008,Domingo,17:10:00,RN,304,45.4,MOSSORO,Não guardar distância de segurança,Colisão traseira,Com Vítimas Feridas,Anoitecer,Decrescente,Ceu Claro,Simples,Reta,Urbano,2008,2,0,1,0,1,0,1,2
441280,12/10/2008,Domingo,01:55:00,RN,304,277.4,MACAIBA,Defeito mecânico em veículo,Queda de motocicleta / bicicleta / veículo,Com Vítimas Feridas,Plena noite,Crescente,Ceu Claro,Simples,Reta,Rural,2008,2,0,2,0,0,0,2,1
441315,22/10/2008,Quarta,18:20:00,RN,226,3.8,NATAL,Outras,Colisão frontal,Sem Vítimas,Anoitecer,Crescente,Ceu Claro,Simples,Reta,Urbano,2008,2,0,0,0,2,0,0,2
441325,22/10/2008,Quarta,12:30:00,RN,101,97.4,NATAL,Falta de atenção,Colisão traseira,Sem Vítimas,Pleno dia,Crescente,Sol,Dupla,Reta,Urbano,2008,2,0,0,0,2,0,0,2
441397,23/10/2008,Quinta,07:10:00,RN,110,45.4,MOSSORO,Falta de atenção,Colisão Transversal,Com Vítimas Feridas,Pleno dia,Decrescente,Sol,Simples,Cruzamento,Urbano,2008,2,0,0,1,1,0,1,2
441419,17/10/2008,Sexta,18:10:00,RN,101,148.5,GOIANINHA,Falta de atenção,Colisão com bicicleta,Com Vítimas Feridas,Plena noite,Decrescente,Ceu Claro,Simples,Reta,Urbano,2008,2,0,0,1,0,1,1,2
441422,13/09/2008,Sábado,05:00:00,RN,304,34.5,MOSSORO,Outras,Queda de motocicleta / bicicleta / veículo,Com Vítimas Feridas,Amanhecer,Crescente,Ceu Claro,Simples,Reta,Urbano,2008,2,0,2,0,0,0,2,1