id,data_inversa,dia_semana,horario,uf,br,km,municipio,causa_acidente,tipo_acidente,classificacao_acidente,fase_dia,sentido_via,condicao_metereologica,tipo_pista,tracado_via,uso_solo,ano,pessoas,mortos,feridos_leves,feridos_graves,ilesos,ignorados,feridos,veiculos
461632,11/12/2008,Quinta,11:50:00,RN,101,97.0,NATAL,Velocidade incompatível,Colisão traseira,Sem Vítimas,Pleno dia,Crescente,Sol,Simples,Reta,Urbano,2008,3,0,0,0,3,0,0,3
461751,07/12/2008,Domingo,17:47:00,RN,101,66.5,EXTREMOZ,Falta de atenção,Colisão Transversal,Com Vítimas Feridas,Anoitecer,Decrescente,Ceu Claro,Simples,Cruzamento,Rural,2008,2,0,1,0,1,0,1,2
461763,09/12/2008,Terça,15:30:00,RN,101,97.8,NATAL,Falta de atenção,Colisão traseira,Com Vítimas Feridas,Pleno dia,Decrescente,Ceu Claro,Dupla,Cruzamento,Urbano,2008,2,0,1,0,1,0,1,2
461803,12/12/2008,Sexta,01:25:00,RN,304,46.0,MOSSORO,Dormindo,Queda de motocicleta / bicicleta / veículo,Com Vítimas Feridas,Pleno dia,Decrescente,Ceu Claro,Simples,Reta,Urbano,2008,1,0,1,0,0,0,1,1
461813,12/12/2008,Sexta,03:00:00,RN,101,102.4,PARNAMIRIM,Falta de atenção,Colisão traseira,Sem Vítimas,Plena noite,Crescente,Ceu Claro,Dupla,Reta,Urbano,2008,2,0,0,0,1,1,0,2
461885,08/12/2008,Segunda,17:30:00,RN,304,287.5,MACAIBA,Falta de atenção,Colisão traseira,Sem Vítimas,Anoitecer,Decrescente,Ceu Claro,Simples,Reta,Rural,2008,2,0,0,0,2,0,0,2
461915,10/12/2008,Quarta,15:45:00,RN,101,103.0,PARNAMIRIM,Falta de atenção,Colisão traseira,Sem Vítimas,Pleno dia,Decrescente,Ceu Claro,Simples,Cruzamento,Urbano,2008,2,0,0,0,2,0,0,2
461917,07/12/2008,Domingo,03:00:00,RN,304,34.3,MOSSORO,Falta de atenção,Colisão Transversal,Com Vítimas Feridas,Plena noite,Crescente,Ignorada,Simples,Reta,Urbano,2008,2,0,0,1,0,1,1,2
461925,02/12/2008,Terça,17:50:00,RN,304,304.0,PARNAMIRIM,Falta de atenção,Colisão traseira,Sem Vítimas,Anoitecer,Decrescente,Ceu Claro,Dupla,Reta,Urbano,2008,2,0,0,0,2,0,0,2
461932,11/12/2008,Quinta,05:30:00,RN,101,97.8,NATAL,Falta de atenção,Colisão traseira,Sem Vítimas,Amanhecer,Crescente,Ceu Claro,Múltipla,Cruzamento,Urbano,2008,2,0,0,0,2,0,0,2
462054,10/12/2008,Quarta,14:00:00,RN,304,307.2,PARNAMIRIM,Outras,Colisão frontal,Com Vítimas Feridas,Pleno dia,Crescente,Ceu Claro,Simples,Reta,Urbano,2008,2,0,1,0,1,0,1,2
462081,10/12/2008,Quarta,17:00:00,RN,101,98.6,NATAL,Falta de atenção,Colisão frontal,Sem Vítimas,Pleno dia,Crescente,Ceu Claro,Simples,Cruzamento,Urbano,2008,2,0,0,0,2,0,0,2
462134,08/12/2008,Segunda,18:50:00,RN,304,180.9,FERNANDO PEDROZA,Defeito mecânico em veículo,Capotamento,Com Vítimas Feridas,Plena noite,Decrescente,Ceu Claro,Simples,Reta,Rural,2008,2,0,2,0,0,0,2,1
462155,12/12/2008,Sexta,16:45:00,RN,101,102.0,PARNAMIRIM,Não guardar distância de segurança,Colisão traseira,Sem Vítimas,Pleno dia,Crescente,Ceu Claro,Dupla,Reta,Urbano,2008,3,0,0,0,3,0,0,3
462161,12/12/2008,Sexta,19:15:00,RN,101,107.7,PARNAMIRIM,Desobediência à sinalização,Colisão lateral,Sem Vítimas,Plena noite,Decrescente,Ceu Claro,Dupla,Cruzamento,Urbano,2008,2,0,0,0,2,0,0,2
462181,12/12/2008,Sexta,16:20:00,RN,101,99.7,NATAL,Falta de atenção,Colisão traseira,Sem Vítimas,Pleno dia,Crescente,Ceu Claro,Dupla,Cruzamento,Urbano,2008,2,0,0,0,2,0,0,2
462198,12/12/2008,Sexta,19:00:00,RN,101,69.2,EXTREMOZ,Falta de atenção,Capotamento,Com Vítimas Feridas,Plena noite,Decrescente,Ceu Claro,Simples,Reta,Rural,2008,4,0,1,2,1,0,3,1
462420,13/12/2008,Sábado,08:20:00,RN,101,85.5,SAO GONCALO DO AMARANTE,Falta de atenção,Colisão traseira,Sem Vítimas,Pleno dia,Crescente,Ceu Claro,Dupla,Reta,Urbano,2008,4,0,0,0,4,0,0,4
462566,13/12/2008,Sábado,16:40:00,RN,304,297.7,MACAIBA,Falta de atenção,Colisão com objeto fixo,Sem Vítimas,Pleno dia,Decrescente,Ceu Claro,Dupla,Cruzamento,Urbano,2008,1,0,0,0,1,0,0,1
462627,13/12/2008,Sábado,19:05:00,RN,110,48.7,MOSSORO,Falta de atenção,Colisão traseira,Com Vítimas Feridas,Plena noite,Crescente,Ceu Claro,Simples,Cruzamento,Urbano,2008,3,0,2,0,0,1,2,2
462654,13/12/2008,Sábado,17:10:00,RN,101,95.5,NATAL,Não guardar distância de segurança,Colisão traseira,Sem Vítimas,Anoitecer,Crescente,Ceu Claro,Múltipla,Reta,Urbano,2008,2,0,0,0,2,0,0,2
462668,13/12/2008,Sábado,18:40:00,RN,101,126.0,SAO JOSE DE MIPIBU,Falta de atenção,Colisão traseira,Sem Vítimas,Plena noite,Decrescente,Ceu Claro,Simples,Reta,Urbano,2008,3,0,0,0,3,0,0,3
462672,13/12/2008,Sábado,11:50:00,RN,101,98.2,NATAL,Falta de atenção,Colisão traseira,Sem Vítimas,Pleno dia,Decrescente,Ceu Claro,Dupla,Cruzamento,Urbano,2008,2,0,0,0,2,0,0,2
463091,12/12/2008,Sexta,22:40:00,RN,101,99.9,NATAL,Não guardar distância de segurança,Colisão lateral,Sem Vítimas,Plena noite,Crescente,Ceu Claro,Múltipla,Reta,Urbano,2008,2,0,0,0,2,0,0,2
463097,13/12/2008,Sábado,00:03:00,RN,101,98.5,NATAL,Ingestão de álcool,Colisão traseira,Sem Vítimas,Plena noite,Crescente,Ceu Claro,Dupla,Reta,Urbano,2008,2,0,0,0,1,1,0,2
463277,12/12/2008,Sexta,16:45:00,RN,101,101.9,PARNAMIRIM,Não guardar distância de segurança,Colisão traseira,Sem Vítimas,Pleno dia,Crescente,Ceu Claro,Dupla,Reta,Urbano,2008,2,0,0,0,2,0,0,2
463285,15/12/2008,Segunda,08:50:00,RN,101,96.1,NATAL,Falta de atenção,Colisão traseira,Sem Vítimas,Pleno dia,Decrescente,Ceu Claro,Simples,Reta,Urbano,2008,2,0,0,0,2,0,0,2
463439,15/12/2008,Segunda,14:00:00,RN,101,101.6,PARNAMIRIM,Outras,Colisão traseira,Sem Vítimas,Pleno dia,Crescente,Ceu Claro,Múltipla,Reta,Urbano,2008,2,0,0,0,2,0,0,2
463576,12/12/2008,Sexta,04:10:00,RN,101,66.1,CEARA-MIRIM,Outras,Colisão Transversal,Sem Vítimas,Amanhecer,Crescente,Ceu Claro,Simples,Curva,Rural,2008,3,0,0,0,2,1,0,3
463645,15/12/2008,Segunda,12:00:00,RN,101,96.4,NATAL,Falta de atenção,Colisão com bicicleta,Com Vítimas Feridas,Pleno dia,Decrescente,Sol,Simples,Reta,Urbano,2008,2,0,1,0,1,0,1,2
463818,13/12/2008,Sábado,01:20:00,RN,101,136.9,ARES,Outras,Colisão frontal,Com Vítimas Feridas,Plena noite,Decrescente,Ceu Claro,Simples,Curva,Rural,2008,4,0,2,0,2,0,2,2
463901,11/12/2008,Quinta,12:40:00,RN,101,101.9,PARNAMIRIM,Falta de atenção,Colisão traseira,Sem Vítimas,Pleno dia,Decrescente,Ceu Claro,Dupla,Reta,Urbano,2008,2,0,0,0,2,0,0,2
463930,12/12/2008,Sexta,15:20:00,RN,101,102.2,PARNAMIRIM,Falta de atenção,Colisão traseira,Sem Vítimas,Pleno dia,Crescente,Ceu Claro,Dupla,Reta,Urbano,2008,2,0,0,0,2,0,0,2
463932,16/12/2008,Terça,08:30:00,RN,101,98.7,NATAL,Falta de atenção,Colisão traseira,Sem Vítimas,Pleno dia,Decrescente,Ceu Claro,Dupla,Reta,Urbano,2008,3,0,0,0,3,0,0,3
463958,12/12/2008,Sexta,16:45:00,RN,101,101.8,PARNAMIRIM,Não guardar distância de segurança,Colisão traseira,Sem Vítimas,Pleno dia,Decrescente,Ceu Claro,Dupla,Reta,Urbano,2008,2,0,0,0,2,0,0,2
464140,16/12/2008,Terça,15:40:00,RN,101,130.0,SAO JOSE DE MIPIBU,Falta de atenção,Colisão traseira,Sem Vítimas,Pleno dia,Crescente,Ceu Claro,Simples,Cruzamento,Rural,2008,2,0,0,0,2,0,0,2
464165,16/12/2008,Terça,18:20:00,RN,101,101.9,PARNAMIRIM,Falta de atenção,Colisão lateral,Com Vítimas Feridas,Plena noite,Crescente,Ceu Claro,Dupla,Cruzamento,Urbano,2008,3,0,1,0,2,0,1,2
464366,15/12/2008,Segunda,14:20:00,RN,304,89.5,ASSU,Outras,Saída de Pista,Sem Vítimas,Pleno dia,Crescente,Ceu Claro,Simples,Reta,Rural,2008,3,0,0,0,1,2,0,3
464389,17/12/2008,Quarta,08:00:00,RN,304,39.5,MOSSORO,Desobediência à sinalização,Colisão Transversal,Com Vítimas Feridas,Pleno dia,Crescente,Ceu Claro,Simples,Cruzamento,Urbano,2008,2,0,1,0,0,1,1,2
464456,17/12/2008,Quarta,08:40:00,RN,101,97.7,NATAL,Falta de atenção,Colisão lateral,Com Vítimas Feridas,Pleno dia,Decrescente,Ceu Claro,Dupla,Reta,Urbano,2008,2,0,1,0,1,0,1,2
464535,22/11/2008,Sábado,22:05:00,RN,406,165.2,SAO GONCALO DO AMARANTE,Outras,Colisão frontal,Com Vítimas Fatais,Plena noite,Crescente,Ceu Claro,Simples,Reta,Rural,2008,2,1,0,0,1,0,0,2
464586,08/12/2008,Segunda,07:30:00,RN,304,204.8,LAJES,Não guardar distância de segurança,Colisão traseira,Sem Vítimas,Pleno dia,Decrescente,Ceu Claro,Simples,Reta,Rural,2008,2,0,0,0,2,0,0,2
464694,17/12/2008,Quarta,17:55:00,RN,304,295.4,MACAIBA,Animais na Pista,Atropelamento de animal,Com Vítimas Feridas,Anoitecer,Crescente,Ceu Claro,Simples,Reta,Urbano,2008,2,0,1,0,1,0,1,1
464747,17/12/2008,Quarta,23:40:00,RN,304,238.0,RIACHUELO,Animais na Pista,Atropelamento de animal,Sem Vítimas,Plena noite,Crescente,Ceu Claro,Simples,Reta,Rural,2008,1,0,0,0,1,0,0,1
464763,17/12/2008,Quarta,10:40:00,RN,101,137.0,ARES,Outras,Derramamento de Carga,Sem Vítimas,Pleno dia,Crescente,Sol,Simples,Reta,Rural,2008,2,0,0,0,2,0,0,2
464772,17/12/2008,Quarta,21:30:00,RN,101,95.2,NATAL,Falta de atenção,Colisão traseira,Sem Vítimas,Plena noite,Decrescente,Ceu Claro,Múltipla,Curva,Urbano,2008,3,0,0,0,3,0,0,3
465005,18/12/2008,Quinta,15:10:00,RN,101,83.3,NATAL,Outras,Colisão lateral,Com Vítimas Feridas,Pleno dia,Decrescente,Sol,Dupla,Reta,Urbano,2008,2,0,1,0,1,0,1,2
465093,18/12/2008,Quinta,08:30:00,RN,101,116.8,SAO JOSE DE MIPIBU,Não guardar distância de segurança,Colisão traseira,Sem Vítimas,Pleno dia,Decrescente,Ceu Claro,Simples,Reta,Rural,2008,2,0,0,0,2,0,0,2
465096,18/12/2008,Quinta,12:00:00,RN,304,47.0,MOSSORO,Falta de atenção,Colisão com bicicleta,Com Vítimas Feridas,Pleno dia,Crescente,Ceu Claro,Dupla,Cruzamento,Urbano,2008,2,0,0,1,0,1,1,2
465120,15/12/2008,Segunda,01:20:00,RN,101,104.4,PARNAMIRIM,Falta de atenção,Queda de motocicleta / bicicleta / veículo,Com Vítimas Feridas,Plena noite,Crescente,Ceu Claro,Dupla,Curva,Urbano,2008,1,0,1,0,0,0,1,1
465146,18/12/2008,Quinta,14:15:00,RN,101,95.3,NATAL,Não guardar distância de segurança,Colisão traseira,Sem Vítimas,Pleno dia,Decrescente,Ceu Claro,Múltipla,Reta,Urbano,2008,2,0,0,0,2,0,0,2
465152,18/12/2008,Quinta,17:15:00,RN,101,95.7,NATAL,Falta de atenção,Colisão lateral,Sem Vítimas,Pleno dia,Crescente,Ceu Claro,Múltipla,Reta,Urbano,2008,2,0,0,0,2,0,0,2
465160,18/12/2008,Quinta,16:40:00,RN,101,99.9,NATAL,Falta de atenção,Colisão lateral,Sem Vítimas,Pleno dia,Crescente,Ceu Claro,Dupla,Reta,Urbano,2008,2,0,0,0,1,1,0,2
465193,18/12/2008,Quinta,14:30:00,RN,304,124.9,MOSSORO,Outras,Capotamento,Sem Vítimas,Pleno dia,Crescente,Ceu Claro,Simples,Reta,Rural,2008,1,0,0,0,1,0,0,1
465330,19/12/2008,Sexta,08:00:00,RN,110,48.4,MOSSORO,Falta de atenção,Colisão traseira,Sem Vítimas,Pleno dia,Crescente,Ceu Claro,Simples,Curva,Urbano,2008,2,0,0,0,2,0,0,2
465368,28/11/2008,Sexta,14:30:00,RN,406,168.4,SAO GONCALO DO AMARANTE,Não guardar distância de segurança,Colisão traseira,Sem Vítimas,Pleno dia,Crescente,Ceu Claro,Simples,Reta,Rural,2008,2,0,0,0,2,0,0,2
465369,07/12/2008,Domingo,16:15:00,RN,101,82.3,SAO GONCALO DO AMARANTE,Falta de atenção,Colisão traseira,Com Vítimas Feridas,Pleno dia,Crescente,Ceu Claro,Dupla,Reta,Urbano,2008,3,0,1,0,1,1,1,2
465442,18/12/2008,Quinta,07:50:00,RN,304,31.2,MOSSORO,Falta de atenção,Colisão Transversal,Com Vítimas Feridas,Pleno dia,Decrescente,Ceu Claro,Simples,Reta,Rural,2008,2,0,1,0,1,0,1,2
465458,19/12/2008,Sexta,13:30:00,RN,101,122.0,SAO JOSE DE MIPIBU,Outras,Derramamento de Carga,Sem Vítimas,Pleno dia,Crescente,Sol,Simples,Reta,Urbano,2008,2,0,0,0,2,0,0,2
465487,18/12/2008,Quinta,13:00:00,RN,110,48.6,MOSSORO,Não guardar distância de segurança,Colisão traseira,Com Vítimas Feridas,Pleno dia,Decrescente,Ceu Claro,Dupla,Reta,Urbano,2008,3,0,2,0,1,0,2,3
465536,19/12/2008,Sexta,16:30:00,RN,101,100.7,PARNAMIRIM,Ultrapassagem indevida,Colisão lateral,Sem Vítimas,Pleno dia,Decrescente,Ceu Claro,Dupla,Reta,Urbano,2008,2,0,0,0,2,0,0,2
465550,14/12/2008,Domingo,03:50:00,RN,101,99.9,NATAL,Desobediência à sinalização,Colisão Transversal,Com Vítimas Feridas,Plena noite,Decrescente,Ceu Claro,Dupla,Cruzamento,Urbano,2008,2,0,1,0,1,0,1,2
465583,19/12/2008,Sexta,04:55:00,RN,304,34.8,MOSSORO,Não guardar distância de segurança,Colisão traseira,Com Vítimas Feridas,Pleno dia,Crescente,Ceu Claro,Simples,Reta,Urbano,2008,2,0,0,1,1,0,1,2
465627,19/12/2008,Sexta,19:00:00,RN,101,106.0,PARNAMIRIM,Desobediência à sinalização,Colisão traseira,Sem Vítimas,Plena noite,Decrescente,Ceu Claro,Dupla,Cruzamento,Urbano,2008,2,0,0,0,2,0,0,2
465633,18/12/2008,Quinta,02:50:00,RN,101,94.8,NATAL,Falta de atenção,Colisão traseira,Sem Vítimas,Plena noite,Crescente,Ceu Claro,Dupla,Reta,Urbano,2008,2,0,0,0,1,1,0,2
465639,19/12/2008,Sexta,16:30:00,RN,101,52.5,CEARA-MIRIM,Outras,Saída de Pista,Com Vítimas Feridas,Pleno dia,Decrescente,Ceu Claro,Simples,Reta,Rural,2008,3,0,2,0,1,0,2,1
465655,19/12/2008,Sexta,16:00:00,RN,101,99.9,NATAL,Desobediência à sinalização,Colisão Transversal,Sem Vítimas,Pleno dia,Decrescente,Ceu Claro,Dupla,Cruzamento,Urbano,2008,2,0,0,0,2,0,0,2
465658,19/12/2008,Sexta,09:20:00,RN,101,125.0,SAO JOSE DE MIPIBU,Falta de atenção,Colisão frontal,Com Vítimas Feridas,Pleno dia,Crescente,Sol,Simples,Cruzamento,Urbano,2008,2,0,1,0,1,0,1,2
465686,19/12/2008,Sexta,16:20:00,RN,101,100.7,PARNAMIRIM,Velocidade incompatível,Colisão traseira,Com Vítimas Feridas,Pleno dia,Crescente,Sol,Dupla,Reta,Urbano,2008,3,0,1,0,2,0,1,3
465731,19/12/2008,Sexta,14:30:00,RN,304,37.0,MOSSORO,Falta de atenção,Colisão Transversal,Com Vítimas Feridas,Pleno dia,Crescente,Sol,Simples,Reta,Urbano,2008,2,0,1,0,1,0,1,2
465748,19/12/2008,Sexta,19:30:00,RN,110,46.7,MOSSORO,Falta de atenção,Atropelamento de pessoa,Com Vítimas Feridas,Pleno dia,Decrescente,Ceu Claro,Simples,Reta,Urbano,2008,2,0,1,0,0,1,1,1
465805,19/12/2008,Sexta,08:35:00,RN,101,99.8,NATAL,Falta de atenção,Colisão lateral,Sem Vítimas,Pleno dia,Decrescente,Ceu Claro,Múltipla,Reta,Urbano,2008,2,0,0,0,2,0,0,2
465818,15/12/2008,Segunda,06:30:00,RN,101,111.0,SAO JOSE DE MIPIBU,Falta de atenção,Colisão traseira,Sem Vítimas,Pleno dia,Decrescente,Ceu Claro,Simples,Reta,Rural,2008,2,0,0,0,2,0,0,2
465867,20/12/2008,Sábado,10:05:00,RN,101,107.1,PARNAMIRIM,Falta de atenção,Colisão traseira,Sem Vítimas,Pleno dia,Decrescente,Nublado,Dupla,Reta,Urbano,2008,2,0,0,0,2,0,0,2
465936,19/12/2008,Sexta,18:10:00,RN,304,32.9,MOSSORO,Não guardar distância de segurança,Colisão traseira,Com Vítimas Feridas,Anoitecer,Crescente,Ceu Claro,Simples,Reta,Urbano,2008,5,0,0,1,4,0,1,3
465989,17/12/2008,Quarta,21:50:00,RN,101,95.2,NATAL,Não guardar distância de segurança,Colisão traseira,Sem Vítimas,Plena noite,Crescente,Ceu Claro,Dupla,Reta,Urbano,2008,2,0,0,0,2,0,0,2
465991,20/12/2008,Sábado,14:40:00,RN,101,94.4,NATAL,Outras,Colisão com objeto fixo,Com Vítimas Feridas,Pleno dia,Crescente,Ceu Claro,Dupla,Reta,Urbano,2008,2,0,1,0,0,1,1,2
465998,20/12/2008,Sábado,12:20:00,RN,101,99.9,NATAL,Falta de atenção,Colisão Transversal,Com Vítimas Feridas,Pleno dia,Decrescente,Ceu Claro,Dupla,Reta,Urbano,2008,3,0,2,0,1,0,2,2
466021,18/12/2008,Quinta,02:30:00,RN,101,94.9,NATAL,Dormindo,Saída de Pista,Com Vítimas Feridas,Plena noite,Decrescente,Ceu Claro,Dupla,Curva,Urbano,2008,1,0,0,1,0,0,1,1
466028,20/12/2008,Sábado,15:00:00,RN,101,97.9,NATAL,Outras,Colisão lateral,Sem Vítimas,Pleno dia,Decrescente,Ceu Claro,Simples,Reta,Urbano,2008,2,0,0,0,2,0,0,2
466034,20/12/2008,Sábado,15:30:00,RN,101,82.9,SAO GONCALO DO AMARANTE,Falta de atenção,Colisão traseira,Sem Vítimas,Pleno dia,Crescente,Ceu Claro,Dupla,Cruzamento,Urbano,2008,2,0,0,0,2,0,0,2
466037,20/12/2008,Sábado,07:15:00,RN,304,164.4,FERNANDO PEDROZA,Outras,Saída de Pista,Com Vítimas Feridas,Pleno dia,Decrescente,Ceu Claro,Simples,Reta,Rural,2008,1,0,1,0,0,0,1,1
466150,20/12/2008,Sábado,18:00:00,RN,101,99.2,NATAL,Outras,Colisão traseira,Sem Vítimas,Plena noite,Crescente,Ceu Claro,Dupla,Reta,Urbano,2008,2,0,0,0,2,0,0,2
466165,20/12/2008,Sábado,15:10:00,RN,101,94.1,NATAL,Falta de atenção,Colisão lateral,Sem Vítimas,Pleno dia,Crescente,Ceu Claro,Dupla,Reta,Urbano,2008,2,0,0,0,2,0,0,2
466180,20/12/2008,Sábado,17:45:00,RN,101,97.9,NATAL,Falta de atenção,Colisão traseira,Sem Vítimas,Plena noite,Crescente,Ceu Claro,Dupla,Reta,Urbano,2008,2,0,0,0,2,0,0,2
466217,20/12/2008,Sábado,18:45:00,RN,304,35.0,MOSSORO,Outras,Colisão com bicicleta,Com Vítimas Fatais,Plena noite,Decrescente,Ceu Claro,Simples,Reta,Urbano,2008,3,1,1,0,0,1,1,3
466236,20/12/2008,Sábado,21:00:00,RN,101,108.7,PARNAMIRIM,Outras,Tombamento,Com Vítimas Feridas,Plena noite,Decrescente,Ceu Claro,Dupla,Cruzamento,Urbano,2008,1,0,1,0,0,0,1,1
466291,21/12/2008,Domingo,01:00:00,RN,304,295.9,MACAIBA,Falta de atenção,Colisão traseira,Com Vítimas Feridas,Plena noite,Decrescente,Ceu Claro,Simples,Reta,Rural,2008,4,0,1,1,2,0,2,3
466352,08/12/2008,Segunda,19:00:00,RN,101,101.8,PARNAMIRIM,Desobediência à sinalização,Colisão Transversal,Com Vítimas Feridas,Plena noite,Decrescente,Ceu Claro,Dupla,Cruzamento,Urbano,2008,3,0,1,1,1,0,2,2
466409,21/12/2008,Domingo,09:45:00,RN,226,141.2,CAMPO REDONDO,Defeito na via,Capotamento,Com Vítimas Feridas,Pleno dia,Decrescente,Ceu Claro,Simples,Reta,Rural,2008,1,0,1,0,0,0,1,1
466450,20/12/2008,Sábado,22:10:00,RN,101,83.3,NATAL,Falta de atenção,Colisão lateral,Com Vítimas Feridas,Plena noite,Crescente,Ceu Claro,Dupla,Reta,Urbano,2008,2,0,1,0,1,0,1,2
466553,21/12/2008,Domingo,14:30:00,RN,101,124.6,SAO JOSE DE MIPIBU,Falta de atenção,Atropelamento de pessoa,Com Vítimas Feridas,Pleno dia,Crescente,Sol,Simples,Curva,Urbano,2008,3,0,1,0,2,0,1,1
466628,19/12/2008,Sexta,19:20:00,RN,101,97.9,NATAL,Falta de atenção,Colisão traseira,Sem Vítimas,Plena noite,Crescente,Ceu Claro,Dupla,Cruzamento,Urbano,2008,2,0,0,0,2,0,0,2
466673,21/12/2008,Domingo,18:05:00,RN,101,84.9,SAO GONCALO DO AMARANTE,Não guardar distância de segurança,Colisão traseira,Sem Vítimas,Anoitecer,Crescente,Ceu Claro,Dupla,Reta,Urbano,2008,2,0,0,0,2,0,0,2
466710,22/12/2008,Segunda,04:30:00,RN,101,82.2,NATAL,Animais na Pista,Atropelamento de animal,Sem Vítimas,Amanhecer,Decrescente,Ceu Claro,Dupla,Reta,Urbano,2008,1,0,0,0,1,0,0,1
466742,15/12/2008,Segunda,17:00:00,RN,101,83.5,NATAL,Não guardar distância de segurança,Colisão traseira,Sem Vítimas,Pleno dia,Decrescente,Ceu Claro,Simples,Reta,Urbano,2008,2,0,0,0,2,0,0,2
466757,21/12/2008,Domingo,07:00:00,RN,101,99.5,NATAL,Falta de atenção,Colisão traseira,Sem Vítimas,Pleno dia,Crescente,Ceu Claro,Dupla,Reta,Urbano,2008,2,0,0,0,1,1,0,2
466762,18/12/2008,Quinta,15:30:00,RN,101,107.0,PARNAMIRIM,Falta de atenção,Colisão traseira,Sem Vítimas,Pleno dia,Crescente,Ceu Claro,Dupla,Cruzamento,Urbano,2008,2,0,0,0,2,0,0,2
466856,22/12/2008,Segunda,10:10:00,RN,101,97.9,NATAL,Outras,Queda de motocicleta / bicicleta / veículo,Com Vítimas Feridas,Pleno dia,Decrescente,Ceu Claro,Dupla,Reta,Urbano,2008,2,0,1,0,0,1,1,2
466961,22/12/2008,Segunda,07:55:00,RN,101,123.0,SAO JOSE DE MIPIBU,Ingestão de álcool,Atropelamento de pessoa,Com Vítimas Feridas,Pleno dia,Crescente,Sol,Simples,Reta,Urbano,2008,2,0,1,0,1,0,1,1
466965,22/12/2008,Segunda,13:15:00,RN,405,3.4,MOSSORO,Desobediência à sinalização,Colisão Transversal,Com Vítimas Feridas,Pleno dia,Decrescente,Ceu Claro,Simples,Reta,Urbano,2008,2,0,0,1,1,0,1,2
466983,22/12/2008,Segunda,13:40:00,RN,101,109.6,PARNAMIRIM,Não guardar distância de segurança,Colisão traseira,Com Vítimas Feridas,Pleno dia,Decrescente,Sol,Simples,Reta,Urbano,2008,2,0,1,0,1,0,1,2
466995,22/12/2008,Segunda,13:35:00,RN,101,98.2,NATAL,Falta de atenção,Colisão traseira,Sem Vítimas,Pleno dia,Decrescente,Sol,Dupla,Reta,Urbano,2008,3,0,0,0,3,0,0,3
467130,22/12/2008,Segunda,15:45:00,RN,101,11.8,TOUROS,Outras,Capotamento,Sem Vítimas,Pleno dia,Crescente,Sol,Simples,Reta,Rural,2008,1,0,0,0,1,0,0,1
467159,22/12/2008,Segunda,18:10:00,RN,101,103.2,PARNAMIRIM,Falta de atenção,Colisão traseira,Sem Vítimas,Plena noite,Decrescente,Ceu Claro,Dupla,Reta,Urbano,2008,2,0,0,0,2,0,0,2
467425,19/12/2008,Sexta,04:50:00,RN,304,34.7,MOSSORO,Outras,Colisão com bicicleta,Com Vítimas Feridas,Amanhecer,Decrescente,Ceu Claro,Simples,Reta,Urbano,2008,2,0,1,0,1,0,1,2
467433,23/12/2008,Terça,11:00:00,RN,304,300.0,MACAIBA,Defeito mecânico em veículo,Queda de motocicleta / bicicleta / veículo,Com Vítimas Feridas,Pleno dia,Decrescente,Ceu Claro,Dupla,Reta,Urbano,2008,1,0,0,1,0,0,1,1
467533,23/12/2008,Terça,13:50:00,RN,304,297.7,MACAIBA,Outras,Colisão com objeto fixo,Sem Vítimas,Pleno dia,Decrescente,Ceu Claro,Dupla,Curva,Urbano,2008,1,0,0,0,1,0,0,1
467547,20/04/2008,Domingo,14:45:00,RN,304,291.1,MACAIBA,Ultrapassagem indevida,Colisão frontal,Com Vítimas Fatais,Pleno dia,Decrescente,Ceu Claro,Dupla,Reta,Rural,2008,5,4,0,1,0,0,1,2
467660,23/12/2008,Terça,18:40:00,RN,304,33.6,MOSSORO,Defeito mecânico em veículo,Colisão lateral,Sem Vítimas,Plena noite,Decrescente,Ceu Claro,Simples,Reta,Urbano,2008,2,0,0,0,2,0,0,2
467701,23/12/2008,Terça,17:00:00,RN,405,0.8,MOSSORO,Não guardar distância de segurança,Colisão traseira,Com Vítimas Feridas,Pleno dia,Crescente,Ceu Claro,Simples,Reta,Urbano,2008,2,0,1,0,1,0,1,2
468063,21/12/2008,Domingo,03:10:00,RN,304,36.0,MOSSORO,Desobediência à sinalização,Colisão Transversal,Sem Vítimas,Plena noite,Crescente,Ceu Claro,Simples,Reta,Urbano,2008,2,0,0,0,1,1,0,2
468095,06/11/2008,Quinta,12:15:00,RN,226,208.1,SAO VICENTE,Defeito na via,Saída de Pista,Sem Vítimas,Pleno dia,Crescente,Ceu Claro,Simples,Reta,Rural,2008,2,0,0,0,2,0,0,2
468116,20/12/2008,Sábado,23:30:00,RN,101,146.9,GOIANINHA,Ingestão de álcool,Colisão lateral,Sem Vítimas,Plena noite,Decrescente,Ceu Claro,Simples,Reta,Urbano,2008,2,0,0,0,2,0,0,2