id,data_inversa,dia_semana,horario,uf,br,km,municipio,causa_acidente,tipo_acidente,classificacao_acidente,fase_dia,sentido_via,condicao_metereologica,tipo_pista,tracado_via,uso_solo,ano,pessoas,mortos,feridos_leves,feridos_graves,ilesos,ignorados,feridos,veiculos
468132,29/07/2008,Terça,09:10:00,RN,304,305.5,MACAIBA,Desobediência à sinalização,Colisão Transversal,Com Vítimas Feridas,Pleno dia,Crescente,Chuva,Dupla,Reta,Rural,2008,2,0,1,0,1,0,1,2
468189,24/12/2008,Quarta,12:50:00,RN,101,97.3,NATAL,Falta de atenção,Colisão traseira,Sem Vítimas,Pleno dia,Decrescente,Ceu Claro,Dupla,Cruzamento,Urbano,2008,2,0,0,0,2,0,0,2
468315,20/12/2008,Sábado,09:25:00,RN,304,39.1,MOSSORO,Outras,Colisão Transversal,Sem Vítimas,Pleno dia,Crescente,Ceu Claro,Simples,Reta,Urbano,2008,2,0,0,0,2,0,0,2
468364,21/12/2008,Domingo,04:40:00,RN,304,30.0,MOSSORO,Outras,Colisão lateral,Sem Vítimas,Amanhecer,Decrescente,Ceu Claro,Simples,Reta,Urbano,2008,2,0,0,0,1,1,0,2
468542,19/12/2008,Sexta,18:20:00,RN,101,83.2,NATAL,Falta de atenção,Colisão traseira,Sem Vítimas,Plena noite,Decrescente,Ceu Claro,Dupla,Reta,Urbano,2008,2,0,0,0,2,0,0,2
468556,17/12/2008,Quarta,19:35:00,RN,101,101.8,PARNAMIRIM,Ingestão de álcool,Colisão traseira,Sem Vítimas,Plena noite,Decrescente,Ceu Claro,Múltipla,Cruzamento,Urbano,2008,3,0,0,0,3,0,0,3
468558,21/12/2008,Domingo,19:30:00,RN,101,84.7,SAO GONCALO DO AMARANTE,Não guardar distância de segurança,Colisão traseira,Sem Vítimas,Plena noite,Crescente,Ceu Claro,Múltipla,Reta,Urbano,2008,3,0,0,0,2,1,0,3
468566,25/12/2008,Quinta,08:00:00,RN,101,928.0,NATAL,Outras,Colisão lateral,Com Vítimas Feridas,Pleno dia,Crescente,Sol,Múltipla,Curva,Urbano,2008,2,0,2,0,0,0,2,2
468568,21/12/2008,Domingo,18:00:00,RN,304,262.6,SAO PEDRO,Defeito mecânico em veículo,Colisão traseira,Com Vítimas Fatais,Plena noite,Crescente,Ceu Claro,Simples,Reta,Rural,2008,2,1,0,0,0,1,0,2
468577,25/12/2008,Quinta,07:00:00,RN,101,94.1,NATAL,Ingestão de álcool,Colisão com objeto fixo,Sem Vítimas,Pleno dia,Crescente,Ceu Claro,Dupla,Reta,Urbano,2008,1,0,0,0,1,0,0,1
468581,20/12/2008,Sábado,05:10:00,RN,101,95.2,NATAL,Velocidade incompatível,Colisão com objeto fixo,Sem Vítimas,Amanhecer,Decrescente,Chuva,Múltipla,Curva,Urbano,2008,1,0,0,0,1,0,0,1
468591,21/12/2008,Domingo,18:50:00,RN,101,102.9,PARNAMIRIM,Não guardar distância de segurança,Colisão traseira,Sem Vítimas,Plena noite,Decrescente,Ceu Claro,Dupla,Reta,Urbano,2008,2,0,0,0,2,0,0,2
468630,22/12/2008,Segunda,00:40:00,RN,304,275.9,IELMO MARINHO,Animais na Pista,Atropelamento de animal,Sem Vítimas,Plena noite,Crescente,Ceu Claro,Simples,Reta,Rural,2008,1,0,0,0,1,0,0,1
468658,21/12/2008,Domingo,19:10:00,RN,101,85.0,SAO GONCALO DO AMARANTE,Falta de atenção,Colisão traseira,Sem Vítimas,Plena noite,Crescente,Ceu Claro,Dupla,Reta,Urbano,2008,2,0,0,0,2,0,0,2
468663,21/12/2008,Domingo,14:40:00,RN,101,98.9,NATAL,Outras,Colisão lateral,Com Vítimas Feridas,Pleno dia,Decrescente,Ceu Claro,Múltipla,Reta,Urbano,2008,2,0,0,1,1,0,1,2
468672,21/12/2008,Domingo,17:00:00,RN,101,109.0,PARNAMIRIM,Não guardar distância de segurança,Colisão traseira,Sem Vítimas,Pleno dia,Decrescente,Ceu Claro,Simples,Reta,Urbano,2008,6,0,0,0,6,0,0,6
468688,22/12/2008,Segunda,04:45:00,RN,304,48.0,MOSSORO,Falta de atenção,Colisão frontal,Com Vítimas Feridas,Amanhecer,Decrescente,Ceu Claro,Simples,Reta,Urbano,2008,2,0,1,0,1,0,1,2
468698,21/12/2008,Domingo,22:30:00,RN,101,148.4,GOIANINHA,Outras,Saída de Pista,Com Vítimas Feridas,Plena noite,Decrescente,Ceu Claro,Simples,Curva,Rural,2008,4,0,4,0,0,0,4,1
468713,24/12/2008,Quarta,18:40:00,RN,101,97.7,NATAL,Desobediência à sinalização,Colisão lateral,Sem Vítimas,Plena noite,Crescente,Ceu Claro,Múltipla,Cruzamento,Urbano,2008,2,0,0,0,2,0,0,2
468742,20/12/2008,Sábado,14:55:00,RN,110,49.5,MOSSORO,Falta de atenção,Colisão com objeto fixo,Com Vítimas Feridas,Pleno dia,Decrescente,Sol,Dupla,Reta,Urbano,2008,1,0,1,0,0,0,1,1
468822,25/12/2008,Quinta,18:50:00,RN,101,80.7,SAO GONCALO DO AMARANTE,Falta de atenção,Colisão Transversal,Com Vítimas Feridas,Plena noite,Decrescente,Ceu Claro,Dupla,Cruzamento,Urbano,2008,3,0,1,0,2,0,1,2
468868,25/12/2008,Quinta,07:40:00,RN,304,213.6,CAICARA DO RIO DO VENTO,Defeito mecânico em veículo,Capotamento,Com Vítimas Feridas,Pleno dia,Decrescente,Ceu Claro,Simples,Reta,Rural,2008,5,0,4,1,0,0,5,1
468892,25/12/2008,Quinta,15:55:00,RN,304,36.9,MOSSORO,Falta de atenção,Colisão com bicicleta,Com Vítimas Feridas,Pleno dia,Crescente,Ceu Claro,Simples,Reta,Urbano,2008,2,0,1,0,0,1,1,2
468962,25/12/2008,Quinta,20:05:00,RN,226,78.5,TANGARA,Ingestão de álcool,Atropelamento de pessoa,Com Vítimas Fatais,Plena noite,Decrescente,Ceu Claro,Simples,Reta,Rural,2008,2,1,0,0,0,1,0,1
469013,24/12/2008,Quarta,07:25:00,RN,226,108.5,SANTA CRUZ,Desobediência à sinalização,Colisão Transversal,Com Vítimas Fatais,Pleno dia,Crescente,Ceu Claro,Simples,Reta,Rural,2008,6,1,0,1,4,0,1,2
469177,25/12/2008,Quinta,18:00:00,RN,101,101.3,PARNAMIRIM,Outras,Colisão Transversal,Sem Vítimas,Plena noite,Decrescente,Ceu Claro,Múltipla,Cruzamento,Urbano,2008,2,0,0,0,2,0,0,2
469188,03/12/2008,Quarta,12:55:00,RN,226,184.4,CURRAIS NOVOS,Outras,Colisão Transversal,Com Vítimas Feridas,Pleno dia,Decrescente,Ceu Claro,Simples,Curva,Rural,2008,3,0,0,3,0,0,3,2
469201,24/12/2008,Quarta,16:30:00,RN,226,165.5,CURRAIS NOVOS,Animais na Pista,Colisão traseira,Sem Vítimas,Pleno dia,Crescente,Ceu Claro,Simples,Reta,Rural,2008,4,0,0,0,3,1,0,4
469209,26/12/2008,Sexta,12:30:00,RN,101,36.0,MAXARANGUAPE,Outras,Capotamento,Com Vítimas Feridas,Pleno dia,Decrescente,Ceu Claro,Simples,Reta,Rural,2008,1,0,1,0,0,0,1,1
469337,26/12/2008,Sexta,18:50:00,RN,101,36.0,MAXARANGUAPE,Falta de atenção,Capotamento,Sem Vítimas,Pleno dia,Crescente,Ceu Claro,Simples,Reta,Rural,2008,1,0,0,0,1,0,0,1
469405,26/12/2008,Sexta,20:30:00,RN,101,107.7,PARNAMIRIM,Desobediência à sinalização,Colisão com bicicleta,Com Vítimas Feridas,Plena noite,Crescente,Ceu Claro,Dupla,Reta,Urbano,2008,2,0,2,0,0,0,2,2
469538,24/12/2008,Quarta,03:00:00,RN,101,102.0,PARNAMIRIM,Ingestão de álcool,Queda de motocicleta / bicicleta / veículo,Com Vítimas Feridas,Plena noite,Crescente,Ceu Claro,Dupla,Reta,Urbano,2008,1,0,0,1,0,0,1,1
469653,27/12/2008,Sábado,07:00:00,RN,110,10.0,AREIA BRANCA,Falta de atenção,Colisão Transversal,Com Vítimas Feridas,Pleno dia,Decrescente,Ceu Claro,Simples,Cruzamento,Rural,2008,2,0,0,1,0,1,1,2
469728,22/12/2008,Segunda,13:30:00,RN,101,97.9,NATAL,Falta de atenção,Colisão traseira,Sem Vítimas,Pleno dia,Decrescente,Ceu Claro,Múltipla,Reta,Urbano,2008,2,0,0,0,2,0,0,2
469756,19/12/2008,Sexta,11:20:00,RN,101,102.0,PARNAMIRIM,Falta de atenção,Colisão traseira,Sem Vítimas,Pleno dia,Decrescente,Sol,Dupla,Cruzamento,Urbano,2008,3,0,0,0,3,0,0,3
469789,19/12/2008,Sexta,12:00:00,RN,101,97.0,NATAL,Falta de atenção,Colisão traseira,Sem Vítimas,Pleno dia,Crescente,Sol,Dupla,Cruzamento,Urbano,2008,2,0,0,0,2,0,0,2
469830,23/12/2008,Terça,08:55:00,RN,101,94.0,NATAL,Falta de atenção,Colisão lateral,Sem Vítimas,Pleno dia,Decrescente,Sol,Simples,Curva,Urbano,2008,2,0,0,0,2,0,0,2
469849,23/12/2008,Terça,19:30:00,RN,101,94.0,NATAL,Falta de atenção,Colisão traseira,Sem Vítimas,Plena noite,Decrescente,Ceu Claro,Dupla,Reta,Urbano,2008,3,0,0,0,3,0,0,3
469950,27/12/2008,Sábado,19:40:00,RN,427,97.7,CAICO,Outras,Colisão lateral,Com Vítimas Feridas,Plena noite,Crescente,Ceu Claro,Simples,Reta,Urbano,2008,2,0,1,0,1,0,1,2
470097,27/12/2008,Sábado,12:00:00,RN,304,160.4,FERNANDO PEDROZA,Outras,Colisão Transversal,Com Vítimas Feridas,Pleno dia,Crescente,Ceu Claro,Simples,Reta,Rural,2008,3,0,1,0,2,0,1,2
470114,20/12/2008,Sábado,22:40:00,RN,304,34.3,MOSSORO,Desobediência à sinalização,Colisão Transversal,Com Vítimas Fatais,Plena noite,Decrescente,Ceu Claro,Simples,Cruzamento,Urbano,2008,3,1,2,0,0,0,2,2
470214,28/12/2008,Domingo,15:20:00,RN,101,146.9,GOIANINHA,Falta de atenção,Colisão Transversal,Sem Vítimas,Pleno dia,Crescente,Sol,Simples,Cruzamento,Urbano,2008,2,0,0,0,2,0,0,2
470217,28/12/2008,Domingo,16:20:00,RN,101,84.9,NATAL,Falta de atenção,Colisão traseira,Sem Vítimas,Pleno dia,Decrescente,Ceu Claro,Dupla,Reta,Urbano,2008,2,0,0,0,2,0,0,2
470249,28/12/2008,Domingo,17:00:00,RN,101,85.1,SAO GONCALO DO AMARANTE,Falta de atenção,Colisão lateral,Sem Vítimas,Pleno dia,Crescente,Sol,Dupla,Curva,Urbano,2008,2,0,0,0,2,0,0,2
470308,28/12/2008,Domingo,19:58:00,RN,405,26.6,MOSSORO,Outras,Saída de Pista,Sem Vítimas,Plena noite,Decrescente,Ceu Claro,Simples,Reta,Rural,2008,5,0,0,0,5,0,0,1
470471,25/12/2008,Quinta,20:00:00,RN,101,66.4,CEARA-MIRIM,Outras,Colisão traseira,Com Vítimas Feridas,Plena noite,Decrescente,Ceu Claro,Simples,Reta,Urbano,2008,4,0,2,2,0,0,4,2
470485,27/12/2008,Sábado,03:45:00,RN,226,247.5,JUCURUTU,Outras,Colisão com objeto fixo,Com Vítimas Fatais,Plena noite,Decrescente,Ceu Claro,Simples,Reta,Urbano,2008,1,1,0,0,0,0,0,1
470551,11/12/2008,Quinta,13:05:00,RN,101,108.8,PARNAMIRIM,Falta de atenção,Colisão traseira,Sem Vítimas,Pleno dia,Decrescente,Ceu Claro,Simples,Reta,Urbano,2008,3,0,0,0,3,0,0,3
470621,21/12/2008,Domingo,17:30:00,RN,304,38.0,MOSSORO,Falta de atenção,Colisão lateral,Com Vítimas Feridas,Anoitecer,Crescente,Ceu Claro,Simples,Reta,Urbano,2008,2,0,1,0,1,0,1,2
470653,11/11/2008,Terça,07:25:00,RN,304,305.4,MACAIBA,Falta de atenção,Colisão Transversal,Sem Vítimas,Pleno dia,Decrescente,Ceu Claro,Dupla,Reta,Rural,2008,2,0,0,0,2,0,0,2
470681,29/12/2008,Segunda,06:40:00,RN,101,99.7,NATAL,Outras,Colisão lateral,Sem Vítimas,Pleno dia,Crescente,Sol,Dupla,Cruzamento,Urbano,2008,2,0,0,0,2,0,0,2
470701,29/12/2008,Segunda,17:15:00,RN,101,65.5,CEARA-MIRIM,Falta de atenção,Colisão Transversal,Sem Vítimas,Pleno dia,Decrescente,Ceu Claro,Simples,Cruzamento,Rural,2008,2,0,0,0,2,0,0,2
470757,29/12/2008,Segunda,14:20:00,RN,101,100.0,NATAL,Não guardar distância de segurança,Colisão lateral,Sem Vítimas,Pleno dia,Crescente,Sol,Dupla,Reta,Urbano,2008,2,0,0,0,2,0,0,2
470768,29/12/2008,Segunda,21:40:00,RN,406,167.0,SAO GONCALO DO AMARANTE,Outras,Colisão Transversal,Sem Vítimas,Plena noite,Crescente,Ceu Claro,Simples,Reta,Urbano,2008,2,0,0,0,2,0,0,2
470787,29/12/2008,Segunda,08:50:00,RN,101,94.5,NATAL,Outras,Colisão Transversal,Sem Vítimas,Pleno dia,Decrescente,Ceu Claro,Múltipla,Reta,Urbano,2008,4,0,0,0,4,0,0,4
470805,21/12/2008,Domingo,16:00:00,RN,304,300.1,MACAIBA,Desobediência à sinalização,Colisão Transversal,Com Vítimas Feridas,Pleno dia,Decrescente,Sol,Dupla,Cruzamento,Rural,2008,2,0,0,1,1,0,1,2
470810,29/12/2008,Segunda,10:00:00,RN,101,97.1,NATAL,Outras,Colisão traseira,Sem Vítimas,Pleno dia,Crescente,Sol,Dupla,Cruzamento,Urbano,2008,2,0,0,0,2,0,0,2
470824,29/12/2008,Segunda,19:10:00,RN,427,144.3,SERRA NEGRA DO NORTE,Outras,Colisão com bicicleta,Com Vítimas Fatais,Plena noite,Crescente,Ceu Claro,Simples,Reta,Rural,2008,2,1,1,0,0,0,1,2
470886,26/12/2008,Sexta,18:40:00,RN,226,8.0,MACAIBA,Outras,Colisão traseira,Com Vítimas Feridas,Anoitecer,Crescente,Ceu Claro,Simples,Reta,Urbano,2008,2,0,0,2,0,0,2,2
470916,30/12/2008,Terça,10:20:00,RN,101,100.0,PARNAMIRIM,Falta de atenção,Colisão traseira,Sem Vítimas,Pleno dia,Crescente,Ceu Claro,Dupla,Reta,Urbano,2008,2,0,0,0,2,0,0,2
471068,30/12/2008,Terça,14:30:00,RN,304,287.5,MACAIBA,Falta de atenção,Colisão lateral,Com Vítimas Feridas,Pleno dia,Decrescente,Ceu Claro,Simples,Reta,Rural,2008,3,0,1,0,2,0,1,2
471093,30/12/2008,Terça,15:30:00,RN,406,159.0,CEARA-MIRIM,Falta de atenção,Colisão Transversal,Com Vítimas Feridas,Pleno dia,Decrescente,Ceu Claro,Simples,Reta,Urbano,2008,2,0,0,1,1,0,1,2
471127,11/08/2008,Segunda,11:20:00,RN,101,94.4,NATAL,Outras,Colisão traseira,Com Vítimas Feridas,Pleno dia,Crescente,Nublado,Dupla,Reta,Urbano,2008,2,0,1,0,1,0,1,2
471348,24/08/2008,Domingo,22:30:00,RN,101,100.5,PARNAMIRIM,Outras,Colisão traseira,Com Vítimas Feridas,Plena noite,Decrescente,Ceu Claro,Dupla,Reta,Urbano,2008,2,0,1,0,0,1,1,2
471361,31/12/2008,Quarta,10:00:00,RN,427,66.1,JARDIM DO SERIDO,Outras,Saída de Pista,Com Vítimas Feridas,Pleno dia,Decrescente,Ceu Claro,Dupla,Curva,Urbano,2008,1,0,1,0,0,0,1,1
471367,31/12/2008,Quarta,10:30:00,RN,304,119.8,MOSSORO,Ultrapassagem indevida,Colisão frontal,Sem Vítimas,Pleno dia,Crescente,Ceu Claro,Simples,Reta,Rural,2008,3,0,0,0,3,0,0,3
471393,27/12/2008,Sábado,19:20:00,RN,101,95.1,NATAL,Desobediência à sinalização,Colisão traseira,Sem Vítimas,Plena noite,Crescente,Ceu Claro,Dupla,Reta,Urbano,2008,4,0,0,0,3,1,0,4
471443,19/12/2008,Sexta,14:30:00,RN,101,136.7,ARES,Outras,Saída de Pista,Sem Vítimas,Plena noite,Crescente,Sol,Simples,Reta,Rural,2008,2,0,0,0,2,0,0,2
471448,31/12/2008,Quarta,07:00:00,RN,101,97.8,NATAL,Falta de atenção,Colisão lateral,Sem Vítimas,Pleno dia,Decrescente,Sol,Dupla,Curva,Urbano,2008,2,0,0,0,1,1,0,2
471473,27/12/2008,Sábado,11:30:00,RN,304,297.0,MACAIBA,Falta de atenção,Colisão traseira,Sem Vítimas,Pleno dia,Crescente,Ceu Claro,Simples,Reta,Urbano,2008,3,0,0,0,3,0,0,3
471492,23/12/2008,Terça,07:30:00,RN,226,5.0,NATAL,Outras,Colisão Transversal,Sem Vítimas,Pleno dia,Decrescente,Ceu Claro,Simples,Cruzamento,Urbano,2008,2,0,0,0,2,0,0,2
471501,31/12/2008,Quarta,16:50:00,RN,304,204.0,LAJES,Não guardar distância de segurança,Colisão traseira,Sem Vítimas,Pleno dia,Decrescente,Ceu Claro,Simples,Reta,Rural,2008,3,0,0,0,3,0,0,3
471595,31/12/2008,Quarta,21:00:00,RN,304,34.0,MOSSORO,Desobediência à sinalização,Colisão lateral,Com Vítimas Feridas,Plena noite,Decrescente,Ceu Claro,Simples,Cruzamento,Urbano,2008,2,0,0,1,0,1,1,2
471800,25/12/2008,Quinta,19:10:00,RN,304,249.8,SANTA MARIA,Outras,Colisão frontal,Com Vítimas Fatais,Plena noite,Decrescente,Ceu Claro,Simples,Reta,Rural,2008,2,1,0,0,0,1,0,2
471894,28/12/2008,Domingo,15:15:00,RN,427,65.0,JARDIM DO SERIDO,Outras,Queda de motocicleta / bicicleta / veículo,Com Vítimas Feridas,Pleno dia,Decrescente,Sol,Simples,Reta,Rural,2008,1,0,0,1,0,0,1,1
471939,13/12/2008,Sábado,04:00:00,RN,101,101.8,PARNAMIRIM,Falta de atenção,Colisão traseira,Sem Vítimas,Plena noite,Crescente,Ceu Claro,Múltipla,Reta,Urbano,2008,2,0,0,0,2,0,0,2
472043,25/12/2008,Quinta,20:45:00,RN,101,67.5,EXTREMOZ,Outras,Saída de Pista,Com Vítimas Feridas,Plena noite,Decrescente,Ceu Claro,Simples,Curva,Rural,2008,2,0,1,0,1,0,1,1
472115,28/12/2008,Domingo,22:30:00,RN,101,96.8,NATAL,Animais na Pista,Atropelamento de animal,Sem Vítimas,Plena noite,Decrescente,Ceu Claro,Dupla,Reta,Urbano,2008,1,0,0,0,1,0,0,1
472141,27/12/2008,Sábado,14:20:00,RN,101,97.8,NATAL,Defeito mecânico em veículo,Colisão traseira,Sem Vítimas,Pleno dia,Crescente,Sol,Dupla,Cruzamento,Urbano,2008,2,0,0,0,2,0,0,2
472197,29/12/2008,Segunda,18:30:00,RN,304,37.0,MOSSORO,Falta de atenção,Colisão com bicicleta,Com Vítimas Feridas,Plena noite,Crescente,Ceu Claro,Simples,Reta,Urbano,2008,2,0,1,0,1,0,1,2
472235,21/12/2008,Domingo,15:30:00,RN,406,67.5,JOAO CAMARA,Dormindo,Saída de Pista,Com Vítimas Feridas,Pleno dia,Crescente,Ceu Claro,Simples,Reta,Rural,2008,3,0,2,0,1,0,2,1
472522,30/12/2008,Terça,15:10:00,RN,101,97.3,NATAL,Falta de atenção,Colisão traseira,Sem Vítimas,Pleno dia,Decrescente,Sol,Múltipla,Reta,Urbano,2008,2,0,0,0,2,0,0,2
472530,30/12/2008,Terça,18:00:00,RN,101,123.5,SAO JOSE DE MIPIBU,Falta de atenção,Atropelamento de pessoa,Com Vítimas Feridas,Plena noite,Crescente,Ceu Claro,Simples,Reta,Urbano,2008,2,0,0,1,1,0,1,1
472914,31/12/2008,Quarta,19:00:00,RN,101,97.0,NATAL,Ingestão de álcool,Colisão lateral,Sem Vítimas,Plena noite,Crescente,Ceu Claro,Dupla,Reta,Urbano,2008,2,0,0,0,2,0,0,2
472973,31/12/2008,Quarta,09:15:00,RN,101,101.9,PARNAMIRIM,Falta de atenção,Colisão traseira,Sem Vítimas,Pleno dia,Decrescente,Sol,Dupla,Reta,Urbano,2008,2,0,0,0,2,0,0,2
473234,28/12/2008,Domingo,06:30:00,RN,101,97.0,NATAL,Dormindo,Colisão com objeto fixo,Sem Vítimas,Amanhecer,Crescente,Nublado,Dupla,Reta,Urbano,2008,1,0,0,0,1,0,0,1
473267,31/12/2008,Quarta,08:00:00,RN,101,97.7,NATAL,Falta de atenção,Colisão traseira,Sem Vítimas,Pleno dia,Decrescente,Sol,Dupla,Reta,Urbano,2008,3,0,0,0,3,0,0,3
473376,28/12/2008,Domingo,10:10:00,RN,101,68.0,EXTREMOZ,Desobediência à sinalização,Colisão Transversal,Sem Vítimas,Pleno dia,Crescente,Ceu Claro,Simples,Reta,Rural,2008,2,0,0,0,1,1,0,2
474111,05/01/2008,Sábado,07:30:00,RN,304,33.8,MOSSORO,Não guardar distância de segurança,Colisão traseira,Sem Vítimas,Pleno dia,Crescente,Ceu Claro,Simples,Reta,Rural,2008,2,0,0,0,2,0,0,2
474458,05/07/2008,Sábado,16:50:00,RN,101,105.5,PARNAMIRIM,Outras,Atropelamento de pessoa,Com Vítimas Fatais,Pleno dia,Decrescente,Ceu Claro,Dupla,Reta,Urbano,2008,2,1,0,0,1,0,0,1
474725,28/12/2008,Domingo,06:20:00,RN,101,928.0,NATAL,Velocidade incompatível,Colisão com objeto fixo,Sem Vítimas,Pleno dia,Crescente,Ceu Claro,Dupla,Curva,Urbano,2008,1,0,0,0,1,0,0,1
474759,19/05/2008,Segunda,22:25:00,RN,101,99.9,NATAL,Desobediência à sinalização,Colisão Transversal,Sem Vítimas,Plena noite,Crescente,Ceu Claro,Dupla,Cruzamento,Urbano,2008,2,0,0,0,2,0,0,2
474819,31/12/2008,Quarta,17:50:00,RN,101,0.0,NATAL,Falta de atenção,Saída de Pista,Sem Vítimas,Anoitecer,Crescente,Ceu Claro,Dupla,Reta,Urbano,2008,1,0,0,0,1,0,0,1
475148,04/12/2008,Quinta,18:15:00,RN,101,98.8,NATAL,Falta de atenção,Atropelamento de pessoa,Com Vítimas Feridas,Plena noite,Crescente,Ceu Claro,Dupla,Reta,Urbano,2008,3,0,1,1,0,1,2,2
476469,30/11/2008,Domingo,17:20:00,RN,101,95.8,NATAL,Outras,Atropelamento de pessoa,Com Vítimas Feridas,Anoitecer,Decrescente,Ceu Claro,Dupla,Reta,Urbano,2008,2,0,0,1,1,0,1,1
480596,28/09/2008,Domingo,16:20:00,RN,101,94.5,NATAL,Outras,Colisão traseira,Com Vítimas Feridas,Pleno dia,Decrescente,Ceu Claro,Dupla,Reta,Urbano,2008,7,0,4,0,2,1,4,3
480643,21/12/2008,Domingo,18:15:00,RN,101,82.5,SAO GONCALO DO AMARANTE,Não guardar distância de segurança,Colisão traseira,Com Vítimas Feridas,Pleno dia,Crescente,Ceu Claro,Simples,Reta,Urbano,2008,2,0,0,1,1,0,1,2
481129,20/01/2008,Domingo,05:20:00,RN,304,269.0,SAO PEDRO,Ultrapassagem indevida,Colisão frontal,Com Vítimas Fatais,Amanhecer,Crescente,Sol,Simples,Curva,Rural,2008,6,2,3,0,1,0,3,2
482303,17/10/2008,Sexta,18:15:00,RN,406,23.0,GUAMARE,Falta de atenção,Colisão Transversal,Sem Vítimas,Plena noite,Decrescente,Ceu Claro,Simples,Reta,Rural,2008,2,0,0,0,2,0,0,2
482341,20/01/2008,Domingo,16:20:00,RN,101,108.3,PARNAMIRIM,Outras,Colisão Transversal,Sem Vítimas,Pleno dia,Decrescente,Ceu Claro,Dupla,Cruzamento,Urbano,2008,2,0,0,0,2,0,0,2
482757,08/12/2008,Segunda,06:30:00,RN,101,98.0,NATAL,Falta de atenção,Colisão lateral,Sem Vítimas,Pleno dia,Decrescente,Ceu Claro,Dupla,Reta,Urbano,2008,2,0,0,0,2,0,0,2
483166,22/12/2008,Segunda,02:45:00,RN,101,85.0,NATAL,Falta de atenção,Colisão com objeto fixo,Sem Vítimas,Plena noite,Decrescente,Ceu Claro,Simples,Reta,Urbano,2008,1,0,0,0,1,0,0,1
483876,30/12/2008,Terça,17:40:00,RN,304,305.5,PARNAMIRIM,Outras,Colisão Transversal,Com Vítimas Fatais,Anoitecer,Crescente,Nublado,Dupla,Reta,Rural,2008,2,1,0,0,0,1,0,2
525809,25/08/2008,Segunda,07:30:00,RN,406,132.9,TAIPU,Defeito mecânico em veículo,Saída de Pista,Com Vítimas Feridas,Pleno dia,Crescente,Ceu Claro,Simples,Curva,Rural,2008,4,0,2,0,2,0,2,1
554397,01/06/2008,Domingo,18:00:00,RN,405,180.0,JOSE DA PENHA,Defeito na via,Tombamento,Com Vítimas Feridas,Plena noite,Decrescente,Nublado,Simples,Reta,Rural,2008,3,0,1,0,2,0,1,1
560185,22/09/2008,Segunda,14:15:00,RN,101,114.0,SAO JOSE DE MIPIBU,Falta de atenção,Colisão traseira,Com Vítimas Feridas,Pleno dia,Crescente,Sol,Simples,Reta,Urbano,2008,2,0,0,1,1,0,1,2
572171,21/08/2008,Quinta,11:15:00,RN,226,175.9,CURRAIS NOVOS,Outras,Atropelamento de pessoa,Com Vítimas Feridas,Pleno dia,Decrescente,Sol,Simples,Reta,Urbano,2008,3,0,1,0,2,0,1,1
587112,01/12/2008,Segunda,18:20:00,RN,101,74.6,EXTREMOZ,Falta de atenção,Colisão frontal,Com Vítimas Fatais,Plena noite,Decrescente,Ignorada,Simples,Reta,Rural,2008,10,3,0,7,0,0,7,4
688538,26/08/2008,Terça,17:00:00,RN,406,132.9,TAIPU,Outras,Colisão com objeto fixo,Com Vítimas Feridas,Pleno dia,Decrescente,Chuva,Simples,Curva,Rural,2008,2,0,0,2,0,0,2,1
691867,30/03/2008,Domingo,16:45:00,RN,110,49.5,MOSSORO,Não guardar distância de segurança,Colisão lateral,Com Vítimas Feridas,Pleno dia,Decrescente,Chuva,Dupla,Reta,Urbano,2008,3,0,0,2,0,1,2,2
708512,12/05/2008,Segunda,14:30:00,RN,101,27.0,RIO DO FOGO,Dormindo,Saída de Pista,Com Vítimas Feridas,Pleno dia,Crescente,Ceu Claro,Simples,Reta,Rural,2008,2,0,0,1,0,1,1,1
847846,25/04/2008,Sexta,16:00:00,RN,226,167.0,CURRAIS NOVOS,Ultrapassagem indevida,Saída de Pista,Ignorado,Pleno dia,Crescente,Nublado,Simples,Reta,Rural,2008,2,0,0,0,0,2,0,2
848375,14/05/2008,Quarta,21:00:00,RN,304,173.4,FERNANDO PEDROZA,Falta de atenção,Colisão Transversal,Com Vítimas Fatais,Plena noite,Decrescente,Ceu Claro,Simples,Reta,Rural,2008,2,1,0,0,1,0,0,2
944135,30/11/2008,Domingo,07:10:00,RN,101,79.0,NATAL,Outras,Colisão traseira,Sem Vítimas,Pleno dia,Decrescente,Ceu Claro,Dupla,Reta,Rural,2008,2,0,0,0,1,1,0,2